aid,location,name,lat,lng,year_built,education,household,parking,complex_facility,move_in_day,subway_distance,convenience_facility
0,서울특별시 강남구 개포동 개포로 311,"우성9차아파트901동,902동",37.4848024,127.0571779,1991,3,233,1,0,11687,4,6
1,서울특별시 강남구 개포동 개포로 409,현대아파트3,37.4878994,127.0609236,1986,4,198,1,0,13454,2,7
2,서울특별시 강남구 개포동 언주로 110,경남1,37.4843872,127.054267,1984,7,678,1,3,14543,8,10
3,서울특별시 강남구 개포동 언주로 110,경남2차,37.4843872,127.054267,1984,7,678,1,3,14543,8,10
4,서울특별시 강남구 논현동 강남대로146길 28,신동아(22),37.5146969,127.0227423,1997,4,644,2,7,9314,4,1
5,서울특별시 강남구 논현동 논현로111길 39,논현동한화꿈에그린,37.5067547,127.0303436,2005,4,70,1,0,6454,6,4
6,서울특별시 강남구 논현동 도산대로50길 43,쌍용,37.5196689,127.0379979,1996,4,111,0,0,9679,6,4
7,서울특별시 강남구 논현동 봉은사로11길 12,e-편한세상,37.5066597,127.0289875,2005,2,63,2,0,6363,7,3
8,서울특별시 강남구 논현동 봉은사로21길 19,한화꿈에그린2차,37.5074711,127.0307946,2006,4,46,0,0,5996,6,4
9,서울특별시 강남구 논현동 언주로116길 12,경남논현,37.5106451,127.0381352,1996,4,60,1,0,9617,9,4
10,서울특별시 강남구 논현동 언주로116길 6,동부센트레빌,37.5102504,127.0375793,2003,4,160,2,0,6944,10,4
11,서울특별시 강남구 논현동 언주로136길 21,우민,37.517802,127.0373364,2002,4,70,1,0,7469,5,3
12,서울특별시 강남구 논현동 학동로46길 38,두산위브1단지,37.5133862,127.0386984,2004,4,130,1,0,6758,7,4
13,서울특별시 강남구 대치동 남부순환로 2912,개포우성2,37.4908748,127.0573085,1984,4,450,1,0,13909,6,3
14,서울특별시 강남구 대치동 도곡로78길 22,대치삼성,37.4965682,127.0588507,2000,7,960,1,3,8187,6,4
15,서울특별시 강남구 대치동 삼성로 151,선경1차(1동-7동),37.4924163,127.0627752,1983,2,1034,1,0,14275,4,4
16,서울특별시 강남구 대치동 삼성로 151,선경2차(8동-12동),37.4924163,127.0627752,1985,2,1034,1,0,14275,4,4
17,서울특별시 강남구 대치동 삼성로51길 37,래미안대치팰리스,37.4942012,127.0584852,2015,6,1278,2,0,2655,6,1
18,서울특별시 강남구 대치동 삼성로85길 38,대치동우정에쉐르1,37.5045644,127.0541516,2004,7,80,1,0,6819,8,6
19,서울특별시 강남구 대치동 선릉로 120,개포우성1,37.5137517,127.0435828,1983,4,690,1,0,14275,5,3
20,서울특별시 강남구 대치동 선릉로 120,개포우성2,37.5137517,127.0435828,1984,4,450,1,0,13909,6,3
21,서울특별시 강남구 대치동 선릉로 222,대치아이파크,37.4953504,127.0544641,2008,7,768,2,7,5635,3,3
22,서울특별시 강남구 대치동 선릉로76길 12,대치한신휴플러스,37.5013596,127.0515885,2005,4,66,1,0,6423,9,6
23,서울특별시 강남구 대치동 영동대로 210,"쌍용대치아파트1동,2동,3동,5동,6동",37.4979951,127.0709857,1983,4,630,1,0,14550,3,4
24,서울특별시 강남구 대치동 영동대로 220,쌍용대치2,37.4994947,127.0703247,1983,4,364,1,0,14275,5,4
25,서울특별시 강남구 대치동 영동대로 230,"대치우성아파트1동,2동,3동,5동,6동,7동",37.5002033,127.0691228,1984,4,476,1,0,14244,12,4
26,서울특별시 강남구 대치동 테헤란로 428,테헤란로대우아이빌(891-6),37.5056037,127.0542018,2004,7,371,1,0,6821,6,6
27,서울특별시 강남구 도곡동 남부순환로 2803,삼성래미안,37.4897588,127.0508267,2001,3,732,2,5,7700,6,1
28,서울특별시 강남구 도곡동 남부순환로363길 30,도곡쌍용예가,37.4874478,127.0392695,1978,1,384,1,0,4262,8,1
29,서울특별시 강남구 도곡동 남부순환로365길 16,대림,37.4864808,127.0396924,1992,7,197,1,0,11353,8,6
30,서울특별시 강남구 도곡동 남부순환로379길 14,삼성,37.4885498,127.0462809,1994,7,231,0,0,11353,3,5
31,서울특별시 강남구 도곡동 논현로 209,경남,37.4779757,127.0453869,2005,4,348,1,0,8037,13,3
32,서울특별시 강남구 도곡동 도곡로14길 12,롯데캐슬모닝,37.490172,127.0367604,2003,3,60,2,0,7031,13,4
33,서울특별시 강남구 도곡동 선릉로 221,도곡렉슬,37.4935677,127.0507717,2006,3,3002,2,8,6175,4,3
34,서울특별시 강남구 도곡동 언주로 123,한신(개포),37.4869126,127.0489647,1985,4,620,2,2,13544,4,5
35,서울특별시 강남구 도곡동 언주로 203,매봉삼성,37.4891746,127.0487704,1999,1,132,1,0,10014,7,1
36,서울특별시 강남구 도곡동 언주로30길 21,아카데미스위트1,37.4873002,127.051556,2004,5,414,2,4,6571,5,1
37,서울특별시 강남구 도곡동 언주로30길 57,타워팰리스2,37.4896405,127.0545117,2003,10,813,3,2,7246,2,1
38,서울특별시 강남구 삼성동 봉은사로105길 12-7,삼성풍림2차아파트,37.5159545,127.0625077,1998,1,112,0,0,8796,5,1
39,서울특별시 강남구 삼성동 봉은사로68길 65,이안애빌,37.5085536,127.0533955,2004,1,19,2,0,6818,9,1
40,서울특별시 강남구 삼성동 봉은사로72길 33,영무예다음,37.5103596,127.0523083,2006,3,45,2,0,6053,7,3
41,서울특별시 강남구 삼성동 봉은사로74길 5,현대빌라트,37.5119922,127.0516124,2004,1,14,2,0,6641,2,1
42,서울특별시 강남구 삼성동 삼성로 629,삼성동센트럴아이파크,37.5153685,127.0510708,2018,1,416,2,0,1736,4,2
43,서울특별시 강남구 삼성동 삼성로111길 8,현대힐스테이트2단지,37.5138493,127.0515142,2008,6,926,1,0,5134,4,3
44,서울특별시 강남구 삼성동 선릉로112길 53,삼성동롯데캐슬킹덤,37.5130374,127.0478132,2005,7,118,2,0,6235,7,9
45,서울특별시 강남구 삼성동 선릉로126길 22,롯데캐슬프레미어,37.5151584,127.0451257,2007,7,713,2,5,5754,5,9
46,서울특별시 강남구 삼성동 선릉로130길 19,서광아파트,37.5171888,127.0430478,1998,1,304,1,0,8979,2,4
47,서울특별시 강남구 삼성동 선릉로130길 20,래미안삼성2차,37.5161739,127.0434589,2007,7,275,2,6,5766,3,9
48,서울특별시 강남구 삼성동 선릉로130길 33,우정에쉐르,37.5171415,127.0443222,2003,1,40,2,0,7139,4,4
49,서울특별시 강남구 삼성동 영동대로 602,미켈란107,37.5145796,127.060586,2003,5,64,2,0,6970,2,4
50,서울특별시 강남구 삼성동 영동대로112길 15,풍림(1차),37.51539,127.0617602,1998,1,252,1,0,8918,3,1
51,서울특별시 강남구 삼성동 영동대로114길 56,래미안삼성1차(103-22),37.5171071,127.0640034,2006,5,133,2,0,6090,7,5
52,서울특별시 강남구 삼성동 학동로 412,석탑아파트101동,37.5174878,127.0448098,1996,1,139,1,0,9740,4,4
53,서울특별시 강남구 삼성동 학동로 432,삼성동롯데아파트,37.5177621,127.0485461,2000,2,339,2,6,8309,3,4
54,서울특별시 강남구 삼성동 학동로64길 14,현대아파트101동,37.5167552,127.0446879,1999,5,198,1,0,8645,4,3
55,서울특별시 강남구 삼성동 학동로64길 7,삼성동한솔아파트,37.5173694,127.0455489,1998,1,263,1,0,8706,6,4
56,서울특별시 강남구 삼성동 학동로68길 29,삼성동힐스테이트 1단지,37.5162276,127.0485407,2008,6,1144,1,0,5134,5,3
57,서울특별시 강남구 삼성동 학동로68길 30,삼성동중앙하이츠빌리지,37.5159844,127.0462102,2004,7,298,2,0,6523,7,9
58,서울특별시 강남구 삼성동 학동로82길 25,블루밍하우스,37.5173736,127.0522207,2006,1,26,2,0,6149,3,1
59,서울특별시 강남구 삼성동 학동로82길 6,삼성리치빌1,37.5183548,127.0512094,2003,5,48,1,0,7216,1,4
60,서울특별시 강남구 수서동 광평로31길 27,삼성,37.4848802,127.09066,1997,4,680,2,5,9161,12,3
61,서울특별시 강남구 수서동 광평로51길 22,수서한아름,37.4891576,127.1032373,1993,3,498,2,0,10652,9,2
62,서울특별시 강남구 신사동 논현로157길 29,한양아파트,37.5218987,127.0258634,2003,3,12,0,0,7057,9,2
63,서울특별시 강남구 신사동 압구정로48길 15,압구정대원칸타빌아파트,37.5274161,127.0372219,2001,4,130,1,0,7822,5,4
64,서울특별시 강남구 신사동 압구정로50길 28,로데오현대,37.5265851,127.0373027,1998,4,139,1,0,8826,5,4
65,서울특별시 강남구 역삼동 도곡로 306,래미안그레이튼(진달래2차),37.494188,127.0478806,2010,7,464,1,0,4300,7,3
66,서울특별시 강남구 역삼동 도곡로43길 20,래미안그레이튼,37.4964269,127.0482989,2009,3,476,1,0,4748,5,3
67,서울특별시 강남구 역삼동 도곡로43길 21,래미안그레이튼(진달래2차),37.4953338,127.0472735,2010,7,464,1,0,4300,7,3
68,서울특별시 강남구 역삼동 봉은사로 312,역삼동하나빌,37.5091876,127.0412814,2002,5,77,1,0,7412,4,4
69,서울특별시 강남구 역삼동 선릉로 423,동부센트레빌,37.4996497,127.0499488,1998,5,206,1,0,9040,5,4
70,서울특별시 강남구 역삼동 선릉로69길 19,역삼래미안,37.4972705,127.0502289,2005,5,1050,1,4,6272,3,4
71,서울특별시 강남구 역삼동 선릉로69길 20,e-편한세상,37.4987189,127.0499436,2005,5,840,1,3,6217,6,4
72,서울특별시 강남구 역삼동 언주로 316,대림역삼,37.5091043,127.0400763,1997,5,129,1,0,9222,8,3
73,서울특별시 강남구 역삼동 언주로 332,역삼푸르지오,37.4976,127.0467981,2006,5,738,1,2,6204,8,4
74,서울특별시 강남구 역삼동 역삼로 306,개나리래미안,37.498551,127.0464387,2006,6,438,2,0,5966,14,8
75,서울특별시 강남구 역삼동 역삼로 314,개나리푸르지오,37.4996497,127.0499488,2006,6,332,2,2,5980,9,9
76,서울특별시 강남구 역삼동 역삼로 315-1,개나리SK뷰,37.5005166,127.0502997,2012,6,240,2,0,3781,5,3
77,서울특별시 강남구 일원동 일원로14길 25,푸른마을아파트101동~111동,37.4838213,127.0802998,1994,7,930,1,0,10560,10,4
78,서울특별시 강남구 청담동 도산대로92길 10,대우유로카운티,37.5234145,127.0499066,2004,4,196,2,0,7001,8,3
79,서울특별시 강남구 청담동 도산대로96길 39,삼성청담공원아파트,37.5222908,127.0505578,1999,4,391,0,0,8553,6,3
80,서울특별시 강남구 청담동 삼성로133길 20,청담동삼성1차(101동),37.5194234,127.0478395,1997,4,158,1,0,9464,3,3
81,서울특별시 강남구 청담동 영동대로138길 12,청담자이,37.5235476,127.0574077,2011,4,708,1,0,4082,6,1
82,서울특별시 강남구 청담동 영동대로142길 25,청구,37.5250995,127.0553009,1992,3,108,1,0,3227,10,1
83,서울특별시 강북구 미아동 도봉로68길 26,현대(190-2),37.6307527,127.0256056,1992,3,231,0,0,10987,7,4
84,서울특별시 강북구 미아동 삼양로19길 25,래미안트리베라1단지,37.6142301,127.0208782,2010,4,1247,1,0,4599,11,1
85,서울특별시 강북구 미아동 삼양로27길 19,삼성래미안트리베라2단지,37.6173606,127.0203693,2010,4,1330,1,0,4599,6,1
86,서울특별시 강북구 미아동 솔샘로 159,벽산라이브파크,37.6218981,127.0125728,2004,1,2075,1,8,7427,3,3
87,서울특별시 강북구 미아동 솔샘로 174,에스케이북한산시티,37.6179362,127.0125629,2004,3,5327,1,8,7730,3,2
88,서울특별시 강북구 미아동 오패산로30길 30,경남아너스빌(1356-0),37.6151723,127.0356169,2003,7,858,1,4,7155,10,4
89,서울특별시 강북구 수유동 삼각산로 143-1,수유벽산1차,37.6421703,127.0189389,1993,6,1454,1,7,11048,3,3
90,서울특별시 강북구 수유동 인수봉로72길 4,극동,37.6419848,127.0123693,1992,4,574,1,7,11779,7,3
91,서울특별시 강북구 수유동 한천로159길 8,래미안수유,37.6446258,127.0184295,2001,4,690,1,4,7702,5,3
92,서울특별시 강서구 가양동 양천로 497,강나루2현대,37.5648322,126.8342406,2001,3,114,1,4,7822,1,4
93,서울특별시 강서구 가양동 양천로55길 55,강서한강자이,37.5659751,126.8507521,2013,10,790,2,3,3382,8,1
94,서울특별시 강서구 가양동 허준로 76,한보구암마을,37.568067,126.8489569,1999,7,359,1,6,9556,13,5
95,서울특별시 강서구 내발산동 강서로 348,우장산힐스테이트,37.5557252,126.840809,2005,6,2198,1,8,6443,5,3
96,서울특별시 강서구 내발산동 공항대로42길 54-26,월드메르디앙,37.5565039,126.8428511,2006,6,160,2,0,6112,8,3
97,서울특별시 강서구 내발산동 우장산로 47,롯데2,37.5545628,126.8426401,2003,5,157,1,0,7031,12,3
98,서울특별시 강서구 등촌동 강서로56나길 110,부영,37.5635275,126.8434171,1994,4,712,1,0,10257,12,3
99,서울특별시 강서구 등촌동 공항대로 351-21,"진로,미주아파트",37.5590237,126.8465685,1994,4,488,2,0,10287,11,6
100,서울특별시 강서구 등촌동 공항대로39길 100,대림,37.562539,126.8465439,1995,3,680,1,4,10045,12,3
101,서울특별시 강서구 등촌동 등촌로 163,등촌동아이파크,37.5437876,126.8604505,2004,4,1653,2,4,6944,12,5
102,서울특별시 강서구 방화동 방화대로34길 88,마곡푸르지오,37.5700024,126.821748,2008,5,341,1,0,5317,9,1
103,서울특별시 강서구 염창동 공항대로 637,현대아이파크,37.5476947,126.8715167,2005,7,136,1,4,6362,5,4
104,서울특별시 강서구 염창동 공항대로65길 21,롯데캐슬,37.5507244,126.8683913,2005,2,284,2,0,6490,6,4
105,서울특별시 강서구 염창동 공항대로71길 31,극동상록수,37.5487744,126.872325,1999,2,255,1,2,8461,7,4
106,서울특별시 강서구 염창동 공항대로71길 54,태진한솔,37.5490933,126.8738254,1994,4,356,2,5,10318,9,2
107,서울특별시 강서구 염창동 공항대로75길 17,염창1차한화꿈에그린,37.5481227,126.8732458,2005,3,422,1,7,6485,6,5
108,서울특별시 강서구 염창동 공항대로75길 30,삼정그린코아,37.5477272,126.8746607,2001,3,206,1,4,7883,5,4
109,서울특별시 강서구 염창동 공항대로75길 42,대림,37.5482413,126.8754791,1999,2,122,1,3,8461,5,4
110,서울특별시 강서구 염창동 양천로 595,금호타운,37.5562617,126.8651068,1999,2,290,1,0,8796,4,5
111,서울특별시 강서구 염창동 양천로 637,삼성한마음,37.5545882,126.8682746,1995,4,330,1,4,10045,7,2
112,서울특별시 강서구 염창동 양천로 656,관음삼성,37.5540319,126.8717993,1997,3,350,1,3,9283,5,4
113,서울특별시 강서구 염창동 양천로 686-5,삼성한아름,37.5540319,126.8717993,1993,3,140,1,0,10775,6,4
114,서울특별시 강서구 염창동 양천로 731,동아3,37.549533,126.877983,1999,2,571,1,6,8796,8,2
115,서울특별시 강서구 염창동 양천로63길 38,강변한솔솔파크,37.5566947,126.8665207,2005,3,455,1,3,6364,12,3
116,서울특별시 강서구 염창동 양천로63길 51,강변월드메르디앙,37.557685,126.865401,2010,3,164,1,3,4657,8,5
117,서울특별시 강서구 염창동 양천로67가길 49,이너스내안에201동,37.5540803,126.8704094,2006,3,51,1,0,5874,12,4
118,서울특별시 강서구 염창동 양천로69길 65,성원,37.5554689,126.8721166,2001,3,297,1,5,7883,15,4
119,서울특별시 강서구 염창동 양천로71가길 22,일신건영휴먼빌,37.552049,126.8733927,2004,3,166,1,4,6615,10,2
120,서울특별시 강서구 염창동 양천로73길 5,삼성하나로,37.5516302,126.8717139,1994,3,179,1,0,10560,9,4
121,서울특별시 강서구 염창동 양천로75길 19,강변힐스테이트,37.5512482,126.8744482,2005,4,417,1,3,6595,11,2
122,서울특별시 강서구 염창동 양천로75길 22-21,이너스내안에,37.5507852,126.876267,2004,3,105,1,3,6678,10,4
123,서울특별시 강서구 화곡동 강서로 266,"우장산아이파크,이편한세상",37.549302,126.8386293,2008,3,2517,1,8,5484,5,1
124,서울특별시 강서구 화곡동 곰달래로 96,유림노르웨이숲(919-1),37.5300819,126.8434744,2004,3,225,1,0,6777,8,3
125,서울특별시 강서구 화곡동 우현로 67,강서힐스테이트,37.5474691,126.8385196,2015,9,2603,2,7,2691,7,2
126,서울특별시 강서구 화곡동 화곡로13길 107,화곡푸르지오,37.5443631,126.8315655,2002,7,2176,2,5,7366,7,4
127,서울특별시 관악구 남현동 남현길 144,흥화브라운빌,37.4711131,126.9730135,2003,3,88,1,0,7188,13,3
128,서울특별시 관악구 봉천동 관악로 285,봉천동아,37.4896844,126.9557273,2000,4,2090,1,2,8522,11,3
129,서울특별시 관악구 봉천동 관악로30길 12,봉천우성,37.4850876,126.959439,2000,3,2314,1,7,8053,11,3
130,서울특별시 관악구 봉천동 봉천로 387,두산,37.4867442,126.9453733,2000,5,2561,1,7,8095,7,6
131,서울특별시 관악구 봉천동 은천로 86,두산,37.4861221,126.9452193,2000,5,2561,1,7,8095,7,6
132,서울특별시 관악구 봉천동 은천로33길 5,관악동부센트레빌,37.4871701,126.9509001,2004,3,487,1,3,6790,15,3
133,서울특별시 관악구 신림동 관천로27길 2,우방,37.4888427,126.9188498,1999,4,201,1,5,8461,9,2
134,서울특별시 광진구 광장동 아차산로 503-23,청구,37.5424859,127.0962615,1996,3,654,1,5,9922,13,4
135,서울특별시 광진구 광장동 아차산로 522,"현대8(801동,802동)",37.5478086,127.1052825,1995,4,537,1,4,10379,9,7
136,서울특별시 광진구 광장동 아차산로 544,삼성광장2,37.5478086,127.1052825,1989,3,195,1,5,12144,6,8
137,서울특별시 광진구 광장동 아차산로 549,현대파크빌,37.5438979,127.1014612,2000,3,1170,1,4,8156,5,8
138,서울특별시 광진구 광장동 아차산로69길 19,광장현대9단지,37.5424295,127.0977197,1999,3,437,1,5,8813,10,4
139,서울특별시 광진구 광장동 아차산로70길 61,현대5,37.5396716,127.1002287,1989,3,581,1,4,12307,11,8
140,서울특별시 광진구 광장동 아차산로70길 62,현대3,37.5406764,127.098826,1990,3,1056,0,7,11718,11,4
141,서울특별시 광진구 구의동 광나루로56길 29,현대프라임,37.5373373,127.0976724,1997,5,1592,1,6,9464,7,8
142,서울특별시 광진구 구의동 광나루로56길 32,구의현대2단지,37.5381006,127.0966199,1996,5,1606,1,0,11109,10,7
143,서울특별시 광진구 구의동 구의강변로 106,삼성쉐르빌,37.5398369,127.0948552,2001,4,252,2,0,7730,12,4
144,서울특별시 광진구 구의동 구의강변로 42,구의강변우성아파트,37.5352352,127.0928572,1992,4,354,1,0,11017,8,7
145,서울특별시 광진구 구의동 구의강변로 84,세양,37.5375462,127.0937661,2002,3,130,1,0,7638,4,2
146,서울특별시 광진구 구의동 구의강변로 94,구의현대6단지,37.5384531,127.0946536,1994,5,421,1,0,10560,7,8
147,서울특별시 광진구 구의동 구의강변로3가길 39,구의현대7단지현대홈타운,37.536675,127.0910916,1997,4,273,1,0,9583,8,7
148,서울특별시 광진구 자양동 능동로3다길 13,한강아남,37.5333796,127.0649734,1995,3,47,1,0,10257,5,5
149,서울특별시 광진구 자양동 능동로4길 78,우방리버파크,37.5311568,127.0704591,2003,3,214,1,0,7031,7,1
150,서울특별시 광진구 자양동 뚝섬로 45,자양삼성,37.53362,127.0776979,1999,5,375,1,2,8662,8,7
151,서울특별시 광진구 자양동 뚝섬로24길 74,한화꿈에그린,37.5335301,127.0619019,2006,3,116,2,0,6058,9,5
152,서울특별시 광진구 자양동 뚝섬로34길 9,자양2현대,37.5341534,127.0706505,1995,3,235,1,4,10136,7,8
153,서울특별시 광진구 자양동 뚝섬로36길 75,자양강변I-Park,37.5311693,127.0696364,2006,4,83,0,0,6443,7,7
154,서울특별시 광진구 자양동 뚝섬로40길 45,자양삼성,37.5319789,127.0718745,1999,5,375,1,2,8662,8,7
155,서울특별시 광진구 자양동 아차산로 262,더샵스타시티,37.5385884,127.0726347,2007,8,1177,3,0,5784,4,8
156,서울특별시 광진구 자양동 아차산로36길 39,자양우성7,37.5363257,127.0745397,1998,8,625,1,3,9222,10,5
157,서울특별시 광진구 자양동 자양로5길 33,와이엠프라젠스파,37.5308753,127.0841313,2005,3,75,3,0,6254,14,4
158,서울특별시 광진구 자양동 자양번영로3길 65,자양삼성,37.5319789,127.0718745,1999,5,375,1,2,8662,8,7
159,서울특별시 구로구 개봉동 개봉로20길 158,현대홈타운,37.4915783,126.8615947,2001,4,964,1,3,7801,14,5
160,서울특별시 구로구 개봉동 개봉로20길 6,현대,37.4919831,126.8585354,2001,4,2412,1,6,7801,12,3
161,서울특별시 구로구 개봉동 개봉로2길 133-15,개봉동현대아이파크,37.4899112,126.8597938,2006,4,684,1,8,6043,15,5
162,서울특별시 구로구 개봉동 경인로 382,한마을,37.4888722,126.8557494,1999,3,1983,1,7,8645,8,5
163,서울특별시 구로구 개봉동 경인로38길 13,신개봉삼환,37.4966579,126.8578083,2001,4,173,1,0,7945,4,6
164,서울특별시 구로구 개봉동 경인로40길 11,영화,37.4959779,126.8598938,1998,3,372,1,4,8918,3,5
165,서울특별시 구로구 개봉동 고척로22길 84,동도센트리움(70-12),37.4981899,126.8466173,2002,6,136,2,0,7373,9,5
166,서울특별시 구로구 개봉동 남부순환로95길 16,삼호,37.4942723,126.8574704,1996,5,369,1,4,9679,4,4
167,서울특별시 구로구 개봉동 남부순환로95길 42-15,율포그레이스빌,37.4948684,126.8556689,2002,4,73,1,0,7499,7,3
168,서울특별시 구로구 개봉동 남부순환로95길 54,삼환,37.4947309,126.8543072,1995,5,783,2,4,9679,8,4
169,서울특별시 구로구 개봉동 남부순환로95길 88,두산,37.4949309,126.8526304,1997,5,561,1,4,9222,11,4
170,서울특별시 구로구 개봉동 남부순환로97길 50,상우,37.493709,126.8607222,1997,5,188,1,0,9161,3,4
171,서울특별시 구로구 고척동 경인로 343,삼환로즈빌,37.4979577,126.8580943,2004,6,600,1,7,6590,6,4
172,서울특별시 구로구 고척동 경인로 390,벽산,37.495597,126.8644826,2003,4,886,1,7,7225,9,4
173,서울특별시 구로구 고척동 중앙로1길 18-19,"우성,현대아파트",37.498705,126.8628448,1987,4,440,0,0,12844,15,6
174,서울특별시 구로구 고척동 중앙로6길 5-15,청구,37.5014697,126.8638173,1999,4,448,1,3,8887,15,5
175,서울특별시 구로구 구로동 공원로 26,금호,37.4998318,126.892111,1997,3,166,1,0,9562,12,6
176,서울특별시 구로구 구로동 공원로 35,새솔금호,37.4999834,126.8904994,1996,3,272,1,8,9679,12,6
177,서울특별시 구로구 구로동 구로동로43길 10,우리유앤미,37.4964694,126.8818085,2004,6,216,1,3,6605,12,6
178,서울특별시 구로구 구로동 구로동로47길 24,중앙하이츠(1269),37.4987734,126.880477,2001,3,597,1,8,7772,6,5
179,서울특별시 구로구 구로동 구로중앙로 68,신안타워,37.4957811,126.8887906,1998,3,98,2,4,8887,12,4
180,서울특별시 구로구 구로동 구로중앙로18길 56,성삼하이츠,37.495571,126.8927066,2004,3,81,1,5,6940,8,5
181,서울특별시 구로구 구로동 구로중앙로18길 68,현대,37.4959268,126.8931718,1988,3,397,1,0,12601,4,5
182,서울특별시 구로구 구로동 구일로10길 53,현대상선,37.4959449,126.8751589,1987,3,290,1,0,12847,8,6
183,서울특별시 구로구 구로동 구일로4길 65,주공1,37.4929745,126.8752803,1986,3,1400,1,7,13332,11,5
184,서울특별시 구로구 구로동 구일로8길 121,현대의보아파트,37.498215,126.8761427,1994,3,116,1,0,11021,9,5
185,서울특별시 구로구 구로동 구일로8길 31,우성(1058),37.4946762,126.8724118,1995,3,296,0,0,9907,4,4
186,서울특별시 구로구 구로동 구일로8길 79,영화참마음,37.4968817,126.8743634,2001,3,125,1,0,7914,5,4
187,서울특별시 구로구 구로동 구일로8길 92,중앙하이츠,37.4967184,126.876052,1987,3,579,1,0,12844,7,5
188,서울특별시 구로구 구로동 도림로 107,럭키,37.4918818,126.8940162,1992,2,427,1,6,10897,3,1
189,서울특별시 구로구 구로동 디지털로31길 90,삼성래미안,37.4876957,126.8918232,2004,3,1244,1,8,6789,8,5
190,서울특별시 구로구 구로동 새말로 31,신도림롯데아파트,37.5032924,126.8841316,1999,3,718,1,5,8431,7,6
191,서울특별시 구로구 구로동 새말로18길 64,신도림LG자이,37.5035444,126.8921353,2004,3,299,1,0,6897,8,5
192,서울특별시 구로구 구로동 시흥대로161길 50,신성미소지움,37.4792779,126.8966001,2003,3,240,1,0,6965,14,5
193,서울특별시 구로구 신도림동 경인로 643,동아2,37.5110546,126.8827673,2000,5,655,1,3,8309,9,7
194,서울특별시 구로구 신도림동 경인로 662,디큐브시티,37.5084321,126.8887332,2011,2,524,5,0,4202,3,5
195,서울특별시 구로구 신도림동 신도림로 105,우성2,37.5121172,126.8854718,1996,2,239,1,0,9529,6,11
196,서울특별시 구로구 신도림동 신도림로 11,대림3,37.5089693,126.8793477,2001,2,204,1,0,7791,12,11
197,서울특별시 구로구 신도림동 신도림로 32,대림e-편한세상5,37.5085751,126.8814279,2003,2,362,1,4,7068,14,11
198,서울특별시 구로구 신도림동 신도림로 56-13,대림e-편한세상7,37.5083837,126.8826556,2004,2,411,1,4,6765,14,11
199,서울특별시 구로구 신도림동 신도림로 78,동아3,37.5095183,126.884195,2000,4,813,1,2,8095,10,7
200,서울특별시 구로구 신도림동 신도림로 87,동아1,37.5110546,126.8827673,1999,4,1095,1,4,8461,9,5
201,서울특별시 구로구 신도림동 신도림로11가길 36,미성,37.5072702,126.8764944,1987,2,824,1,0,12210,12,3
202,서울특별시 구로구 신도림동 신도림로19길 16,현대홈타운아파트,37.5119989,126.8840088,1999,4,260,1,0,9099,10,5
203,서울특별시 구로구 신도림동 신도림로21길 21,우성5,37.5127682,126.883701,1994,2,154,1,0,10257,7,11
204,서울특별시 구로구 오류동 경인로 230-13,라인,37.4966521,126.846901,1995,3,218,0,0,9892,6,5
205,서울특별시 구로구 오류동 경인로 248-13,동부(105동~106동),37.4901258,126.8385254,1999,3,205,1,0,8887,9,5
206,서울특별시 구로구 오류동 경인로 248-14,동부(101동~103동),37.4901258,126.8385254,1998,4,252,1,0,9648,6,5
207,서울특별시 구로구 오류동 경인로8길 64,영풍마드레빌,37.4915754,126.8388023,2002,4,627,1,6,7458,9,5
208,서울특별시 구로구 오류동 경인로8길 75,삼천리,37.4924955,126.8393636,1998,4,423,1,4,8796,8,5
209,서울특별시 구로구 오류동 고척로 41,오류동금호어울림,37.498314,126.8391356,2006,3,182,1,0,5940,10,3
210,서울특별시 구로구 오류동 고척로 49,동부골든,37.4992555,126.8395869,1998,3,1236,1,4,9191,11,3
211,서울특별시 구로구 오류동 고척로 52,한신플러스타운,37.4983138,126.8409518,2002,3,299,1,0,7553,11,3
212,서울특별시 구로구 오류동 고척로18길 77,오류동휘버스,37.4976361,126.845815,2006,6,62,1,0,5965,8,5
213,서울특별시 구로구 오류동 서해안로 2368,우림필유,37.4939258,126.8468548,2005,4,120,1,0,6232,6,5
214,서울특별시 구로구 오류동 서해안로34가길 18,금강,37.4932384,126.8477836,1996,4,247,1,0,9861,7,3
215,서울특별시 구로구 오류동 오류로 65,경남아너스빌,37.4904484,126.8397345,2003,4,296,1,0,7000,7,5
216,서울특별시 구로구 오류동 오류로8길 11,오류동푸르지오,37.4915303,126.8415485,2004,4,378,1,4,6819,5,5
217,서울특별시 구로구 오류동 오리로 1197,금강(343),37.4882212,126.8323456,2003,3,620,1,5,7042,11,2
218,서울특별시 구로구 오류동 오리로13가길 30,동보,37.4893924,126.8303293,1998,3,90,1,0,9040,14,2
219,서울특별시 구로구 천왕동 천왕로 91,천왕이펜하우스1단지,37.4859588,126.8373189,2011,4,314,1,0,4098,2,1
220,서울특별시 금천구 독산동 범안로 1136,독산동중앙하이츠빌,37.464677,126.8887707,2004,6,554,1,4,6635,2,3
221,서울특별시 금천구 독산동 범안로 1158,태영아파트,37.4662048,126.890463,2001,5,90,1,0,7944,2,7
222,서울특별시 금천구 독산동 범안로12길 15,삼환아파트,37.4657897,126.8921275,1998,4,49,1,0,9010,5,2
223,서울특별시 금천구 독산동 벚꽃로6길 3,이랜드해가든,37.4608384,126.8930743,2008,3,187,1,0,5419,10,2
224,서울특별시 금천구 시흥동 시흥대로51길 55,성지,37.4510831,126.8978383,1986,5,233,1,0,13270,15,2
225,서울특별시 노원구 공릉동 공릉로 211,동신아파트,37.628077,127.0768608,1999,5,452,1,2,8405,9,7
226,서울특별시 노원구 공릉동 공릉로 213,동신아파트,37.628077,127.0768608,1999,5,452,1,2,8405,9,7
227,서울특별시 노원구 공릉동 동일로173가길 145,건영아파트,37.6245328,127.0714002,1998,4,90,1,0,8675,3,4
228,서울특별시 노원구 공릉동 동일로191가길 26,남청파인힐,37.6262325,127.0713416,2002,5,49,1,0,7426,4,7
229,서울특별시 노원구 공릉동 동일로191길 36,신명아파트,37.6249459,127.0708864,1995,4,69,1,0,10106,5,4
230,서울특별시 노원구 공릉동 동일로195길 39,대동아파트2,37.6265796,127.0699903,1999,4,190,1,0,8461,6,5
231,서울특별시 노원구 공릉동 동일로198길 24,공릉우성아파트,37.6285981,127.0726411,1995,5,363,1,4,9939,7,6
232,서울특별시 노원구 상계동 노원로 532,상계주공9(고층),37.6628519,127.0602666,1988,3,2830,1,9,12478,7,5
233,서울특별시 노원구 상계동 노원로26가길 25,코오롱,37.6527573,127.0697648,1997,3,215,1,0,9099,14,5
234,서울특별시 노원구 상계동 노원로26가길 7,코오롱,37.6527573,127.0697648,1997,3,215,1,0,9099,14,5
235,서울특별시 노원구 상계동 노원로28길 62,한일유앤아이,37.6541806,127.0710889,2005,3,305,1,4,6517,15,5
236,서울특별시 노원구 상계동 덕릉로 780,동아불암,37.6669249,127.0797349,1999,4,1107,1,5,8461,6,7
237,서울특별시 노원구 상계동 덕릉로118길 29,불암현대,37.6677865,127.0812704,1999,3,1298,1,5,8431,5,3
238,서울특별시 노원구 상계동 덕릉로94길 21,상계불암대림,37.6631716,127.0770146,2000,7,840,1,4,8522,8,7
239,서울특별시 노원구 상계동 동일로 1362,상계주공4(고층),37.6500476,127.0622139,1988,3,2136,1,9,12723,9,5
240,서울특별시 노원구 상계동 동일로214길 21,상계주공4(고층),37.6504128,127.064299,1988,3,2136,1,9,12723,9,5
241,서울특별시 노원구 상계동 동일로215길 48,상계주공3(저층),37.6517657,127.0582407,1987,3,2213,0,8,12824,5,4
242,서울특별시 노원구 상계동 동일로216길 92,한양,37.6515825,127.0672761,1988,3,492,1,0,12662,12,4
243,서울특별시 노원구 상계동 동일로227길 25,상계주공11(고층),37.665688,127.0557151,1988,7,1944,0,4,12539,5,7
244,서울특별시 노원구 상계동 동일로227길 85,상계주공11(고층),37.6653602,127.052583,1988,7,1944,0,4,12539,5,7
245,서울특별시 노원구 상계동 동일로227길 86,상계주공16(고층),37.6686255,127.0533712,1988,4,2392,0,6,12478,7,4
246,서울특별시 노원구 상계동 동일로241길 53,두산,37.6773709,127.0531456,1994,3,763,1,0,10318,8,4
247,서울특별시 노원구 상계동 상계로3길 50,노원현대,37.6586789,127.0632818,1997,7,259,1,0,10532,4,5
248,서울특별시 노원구 상계동 상계로3길 53,노원현대,37.6583755,127.0622928,1997,7,259,1,0,10532,4,5
249,서울특별시 노원구 상계동 상계로5길 12,동양엔파트,37.6575352,127.0639274,2003,10,448,1,5,7063,1,9
250,서울특별시 노원구 상계동 상계로7길 18,노원우성,37.6579265,127.0650899,1992,7,137,1,0,11158,5,5
251,서울특별시 노원구 상계동 한글비석로 396,벽산,37.6612726,127.0726949,1989,5,1590,0,8,12297,5,4
252,서울특별시 노원구 상계동 한글비석로 399,벽산,37.6599357,127.0716994,1989,5,1590,0,8,12297,5,4
253,서울특별시 노원구 상계동 한글비석로 479,보람1단지,37.6628678,127.064417,1988,5,3315,1,0,12631,14,4
254,서울특별시 노원구 상계동 한글비석로 480,보람2단지,37.6662467,127.0649923,1988,5,3315,1,0,12631,14,4
255,서울특별시 노원구 상계동 한글비석로 530,상계주공12(고층),37.6660832,127.0592794,1988,7,1739,0,0,12509,3,8
256,서울특별시 노원구 상계동 한글비석로46가길 16,한신1차,37.6659209,127.0687958,1987,4,420,1,0,13148,15,4
257,서울특별시 노원구 상계동 한글비석로46가길 34,한신3차,37.6662587,127.0674235,1990,4,348,0,0,12072,15,4
258,서울특별시 노원구 월계동 광운로 46,대동,37.6218076,127.0603111,1997,5,258,1,0,9556,7,2
259,서울특별시 노원구 월계동 광운로19길 38,성북역신도브래뉴,37.6230565,127.0588488,2005,5,157,1,0,6423,5,2
260,서울특별시 노원구 월계동 마들로 31,한진한화그랑빌,37.6176466,127.0685939,2002,5,3003,1,5,7883,6,5
261,서울특별시 노원구 월계동 석계로 49,현대,37.6184726,127.0626469,2000,6,1281,1,3,8095,8,4
262,서울특별시 노원구 월계동 석계로13길 35,세양청마루,37.6206726,127.0605735,2005,5,115,1,0,6300,6,2
263,서울특별시 노원구 월계동 석계로13길 6-10,한일2,37.6211569,127.0619845,2000,5,171,1,0,8279,6,2
264,서울특별시 노원구 중계동 덕릉로 595,신안,37.6514232,127.0720887,1999,6,250,1,0,8614,15,7
265,서울특별시 노원구 중계동 덕릉로71길 30,양지마을(대림)1,37.6510805,127.0704475,1998,10,976,1,5,8796,14,11
266,서울특별시 노원구 중계동 덕릉로71길 5,성원1,37.6499382,127.069103,1996,6,402,1,0,10591,13,7
267,서울특별시 노원구 중계동 덕릉로73길 28,양지마을(대림)2,37.65314,127.0721422,1999,10,983,1,4,8706,12,11
268,서울특별시 노원구 중계동 덕릉로77길 5,중계3벽산,37.6543472,127.0734928,1999,10,259,1,0,8492,11,11
269,서울특별시 노원구 중계동 덕릉로79길 23,염광,37.6567224,127.0736164,1996,3,791,1,7,9983,8,7
270,서울특별시 노원구 중계동 덕릉로84길 33,중앙하이츠,37.659884,127.0775052,1998,5,499,1,0,10683,6,5
271,서울특별시 노원구 중계동 덕릉로84길 33,중앙하이츠2,37.659884,127.0775052,1998,5,499,1,0,10683,6,5
272,서울특별시 노원구 중계동 덕릉로84길 7,중앙하이츠,37.6598466,127.0765242,1998,5,499,1,0,10683,6,5
273,서울특별시 노원구 중계동 덕릉로84길 7,중앙하이츠2,37.6598466,127.0765242,1998,5,499,1,0,10683,6,5
274,서울특별시 노원구 중계동 덕릉로86길 70,청암3단지(582),37.6602947,127.0789894,2003,5,180,1,0,7042,9,5
275,서울특별시 노원구 중계동 한글비석로 366,신일,37.658358,127.0747916,1998,3,94,1,0,8826,5,7
276,서울특별시 노원구 중계동 한글비석로 383,삼창타워주상프라자,37.6590511,127.0728631,1997,3,203,1,0,9436,3,3
277,서울특별시 노원구 중계동 한글비석로14길 37,중앙하이츠,37.6591309,127.0762599,1998,5,499,1,0,10683,6,5
278,서울특별시 노원구 중계동 한글비석로15길 51,중계현대2,37.6559211,127.0740319,1991,3,313,0,0,11628,8,7
279,서울특별시 노원구 하계동 공릉로 351,청구,37.6378958,127.0686347,1988,6,1860,0,0,12478,1,7
280,서울특별시 노원구 하계동 공릉로58길 176,우방,37.6375943,127.0771679,1999,5,288,1,0,8530,14,6
281,서울특별시 노원구 하계동 한글비석로 57,청구,37.6378958,127.0686347,1988,6,1860,0,0,12478,1,7
282,서울특별시 노원구 하계동 한글비석로 91,하계1청구,37.6392243,127.0715448,1997,6,700,1,7,9344,7,7
283,서울특별시 도봉구 도봉동 도봉로180길 6-23,동아에코빌,37.6814584,127.0468345,2003,5,526,1,5,7335,7,2
284,서울특별시 도봉구 방학동 방학로15길 40,신동아아파트2,37.6591068,127.0234943,1992,6,660,1,7,11078,16,5
285,서울특별시 도봉구 방학동 해등로 307,우성아파트2,37.6568265,127.0219908,1993,6,558,1,0,10987,15,2
286,서울특별시 도봉구 쌍문동 노해로40길 71,브라운스톤쌍문,37.6472808,127.0293876,2006,4,155,1,0,5845,10,1
287,서울특별시 도봉구 쌍문동 노해로40길 72,한양1,37.6457729,127.030316,1986,4,824,1,0,13179,7,1
288,서울특별시 도봉구 쌍문동 우이천로 304,한양1,37.6492052,127.0230667,1986,4,824,1,0,13179,7,1
289,서울특별시 도봉구 창동 노해로63가길 7,상아2차아파트,37.6532577,127.0441024,1988,5,427,1,0,12752,4,7
290,서울특별시 도봉구 창동 노해로63다길 34,동아그린,37.6544747,127.0464077,1996,4,449,1,3,9556,3,5
291,서울특별시 도봉구 창동 노해로69길 103,동아청솔,37.6571794,127.0483916,1997,3,1981,1,5,9344,8,2
292,서울특별시 도봉구 창동 노해로70길 12,동아,37.6511681,127.050345,1988,3,600,1,0,12417,4,6
293,서울특별시 도봉구 창동 노해로70길 126,창동주공18단지,37.646865,127.0520542,1988,4,910,1,0,12448,5,6
294,서울특별시 도봉구 창동 노해로70길 19,주공19단지(창동리버타운),37.6508326,127.0525489,1988,4,1764,0,0,12478,9,6
295,서울특별시 도봉구 창동 노해로70길 54,주공19단지(창동리버타운),37.649242,127.0509338,1988,4,1764,0,0,12478,9,6
296,서울특별시 도봉구 창동 도봉로 642-30,대동,37.6616531,127.0441715,1999,5,188,1,0,8596,10,5
297,서울특별시 도봉구 창동 도봉로136가길 68,금호어울림,37.6563305,127.0417,2004,9,299,1,0,6932,12,5
298,서울특별시 도봉구 창동 도봉로136길 28,북한산아이파크5차,37.6578429,127.0435358,2004,10,2061,2,4,6727,14,5
299,서울특별시 도봉구 창동 마들로 551,쌍용,37.6597623,127.048132,1997,5,1352,1,8,9526,14,4
300,서울특별시 도봉구 창동 마들로16길 56,성원상떼빌,37.6607446,127.0496053,2001,8,194,1,0,7883,15,3
301,서울특별시 도봉구 창동 해등로 49,창동주공3단지(해등마을),37.6477337,127.0423521,1990,4,2856,0,2,11567,7,3
302,서울특별시 도봉구 창동 해등로 50,창동주공3단지(해등마을),37.6500415,127.0436076,1990,4,2856,0,2,11567,7,3
303,서울특별시 도봉구 창동 해등로16길 12,현대조합,37.6558439,127.0406987,2000,4,205,1,0,8485,12,6
304,서울특별시 동대문구 용두동 정릉천동로 16,용두두산위브,37.573435,127.0362211,2009,3,433,1,0,5051,3,4
305,서울특별시 동대문구 이문동 외대역동로 101,중앙하이츠빌,37.5964272,127.0646074,2002,5,372,1,2,7525,3,5
306,서울특별시 동대문구 이문동 이문로12길 3-10,래미안이문2차,37.5934908,127.0603061,2004,3,648,1,3,6819,5,1
307,서울특별시 동대문구 이문동 한천로58길 107,현대,37.6011689,127.0700281,2000,9,789,1,2,8349,7,8
308,서울특별시 동대문구 이문동 한천로58길 139,대우,37.6025131,127.0697838,2001,9,490,1,2,7680,1,8
309,서울특별시 동대문구 이문동 한천로58길 47,쌍용,37.5999747,127.0685006,2000,3,1563,1,6,8066,4,2
310,서울특별시 동대문구 이문동 한천로63길 10,대림e-편한세상,37.6044586,127.0650097,2003,5,1559,1,9,7154,5,2
311,서울특별시 동대문구 전농동 서울시립대로 75,전농동신성미소지움,37.5782644,127.0484176,2005,4,385,1,3,6293,4,3
312,서울특별시 동대문구 제기동 약령시로 25,안암골벽산,37.583412,127.0316859,2003,4,640,1,3,7306,6,3
313,서울특별시 동대문구 휘경동 망우로 135,동양1차,37.5923655,127.067591,2000,5,282,1,0,8279,7,4
314,서울특별시 동대문구 휘경동 망우로 95,롯데,37.590993,127.0634638,2000,5,265,1,0,8187,7,4
315,서울특별시 동대문구 휘경동 외대역동로 14,휘경센트레빌,37.5950437,127.0670982,2011,4,297,1,0,4111,11,5
316,서울특별시 동대문구 휘경동 외대역동로 36,동양2차,37.5923252,127.0665939,2002,5,208,1,0,7486,8,4
317,서울특별시 동작구 노량진동 만양로 19,신동아리버파크,37.5074939,126.9450215,2001,2,1696,1,3,8126,9,1
318,서울특별시 동작구 노량진동 만양로 84,삼익,37.5111191,126.9451481,2001,6,175,2,0,8796,6,4
319,서울특별시 동작구 노량진동 장승배기로16길 134,쌍용예가,37.5097879,126.9435957,2010,3,299,0,0,4510,10,2
320,서울특별시 동작구 대방동 등용로14길 34,신한토탈,37.5118828,126.9330705,1997,9,134,0,0,9191,9,6
321,서울특별시 동작구 대방동 알마타길 37,대방1차e-편한세상,37.5120199,126.9289027,2003,9,609,1,7,7124,3,4
322,서울특별시 동작구 대방동 알마타길 58,현대홈타운2,37.5108168,126.9313642,1999,9,278,1,0,8369,10,5
323,서울특별시 동작구 대방동 여의대방로44길 10,대림아파트,37.5071867,126.9246398,1993,5,1628,2,5,10652,11,4
324,서울특별시 동작구 대방동 여의대방로54길 6,경남아너스빌,37.5115575,126.9257071,2006,8,163,1,0,6119,3,2
325,서울특별시 동작구 대방동 여의대방로62길 15,한국개나리,37.5141488,126.9287817,1997,9,90,1,0,9375,2,3
326,서울특별시 동작구 본동 매봉로 123,삼성래미안,37.509996,126.9502629,2004,5,477,1,4,6636,4,2
327,서울특별시 동작구 사당동 동작대로29길 110,신동아4,37.4897954,126.9760224,1993,3,855,2,0,11048,8,4
328,서울특별시 동작구 사당동 동작대로29길 115,사당우성3,37.4897954,126.9760224,1993,3,855,2,0,11048,8,4
329,서울특별시 동작구 사당동 동작대로29길 119,극동(105),37.4897954,126.9760224,1993,3,855,2,0,11048,8,4
330,서울특별시 동작구 사당동 동작대로29길 91,사당우성2,37.4897954,126.9760224,1993,3,855,2,0,11048,8,4
331,서울특별시 동작구 사당동 사당로 165,경남아너스빌2차,37.4872207,126.9676967,1998,7,120,1,0,9010,6,1
332,서울특별시 동작구 사당동 사당로 300,이수자이,37.4843975,126.9804278,2010,6,140,2,0,4383,1,3
333,서울특별시 동작구 사당동 사당로17길 111,현대주택조합,37.4879821,126.9703763,1993,2,81,1,0,11201,4,3
334,서울특별시 동작구 사당동 사당로23바길 9,삼성래미안,37.4891824,126.9704888,2003,4,896,1,7,7259,8,3
335,서울특별시 동작구 상도동 상도로 320,중앙하이츠빌,37.4991652,126.9498321,2003,6,544,1,6,7001,7,2
336,서울특별시 동작구 상도동 상도로60길 20,대림아파트,37.492976,126.9534978,1995,5,279,2,0,9892,4,7
337,서울특별시 동작구 상도동 장승배기로 26,아이파크,37.5006911,126.9426009,2004,4,400,1,8,6819,8,1
338,서울특별시 동작구 상도동 장승배기로4길 9,포스코더샵,37.5019956,126.9429851,2007,4,1122,2,9,5572,7,1
339,서울특별시 동작구 신대방동 신대방1가길 38,성원상떼빌,37.4875294,126.9067493,2006,3,545,3,8,5966,8,4
340,서울특별시 동작구 신대방동 여의대방로 8,우성2,37.4928247,126.9104435,1995,3,174,2,0,10318,15,5
341,서울특별시 동작구 흑석동 흑석한강로 12,흑석한강센트레빌,37.5055479,126.965852,2011,2,655,1,0,4298,5,1
342,서울특별시 마포구 공덕동 마포대로 115-8,공덕1삼성래미안,37.548003,126.950907,1999,4,877,1,9,8492,4,2
343,서울특별시 마포구 공덕동 마포대로 167,래미안공덕5차,37.5468697,126.9521717,2011,4,794,1,0,4146,11,3
344,서울특별시 마포구 공덕동 마포대로 173-15,래미안공덕5차,37.5502308,126.9527502,2011,4,794,1,0,4146,11,3
345,서울특별시 마포구 공덕동 마포대로10길 22,한화꿈에그린,37.547016,126.9553354,2004,4,192,1,0,6697,8,3
346,서울특별시 마포구 공덕동 마포대로20길 26,공덕2삼성래미안,37.5510698,126.9595251,2004,4,882,1,2,7518,14,2
347,서울특별시 마포구 공덕동 마포대로7길 22,공덕3삼성래미안,37.5484028,126.951783,2004,3,616,1,2,6696,9,3
348,서울특별시 마포구 노고산동 백범로 10,현대벤처빌,37.5484619,126.9394891,2002,3,203,1,0,7316,3,5
349,서울특별시 마포구 대흥동 독막로 266,마포태영,37.5439465,126.9432788,1999,6,1992,1,4,8431,9,2
350,서울특별시 마포구 도화동 도화4길 41,마포동원베네스트,37.5401034,126.952302,2010,4,167,1,0,4984,6,5
351,서울특별시 마포구 도화동 도화길 28,삼성,37.540034,126.9503703,1997,3,982,1,8,10410,5,3
352,서울특별시 마포구 도화동 도화길 28,삼성(550-0),37.540034,126.9503703,1997,3,982,1,8,10410,5,3
353,서울특별시 마포구 도화동 삼개로 33,우성,37.5367676,126.9485265,1991,8,1222,1,6,12083,7,6
354,서울특별시 마포구 도화동 삼개로 38,우성,37.5364129,126.9470458,1991,8,1222,1,6,12083,7,6
355,서울특별시 마포구 도화동 새창로8길 72,현대홈타운,37.5378342,126.9517522,2000,5,914,1,7,8340,8,3
356,서울특별시 마포구 상암동 상암산로1길 24,상암월드컵파크4단지,37.5776394,126.8886338,2006,3,761,1,3,5912,10,4
357,서울특별시 마포구 상암동 상암산로1길 52,상암월드컵파크5단지,37.5802252,126.8859404,2005,3,436,1,2,6308,12,4
358,서울특별시 마포구 상암동 상암산로1길 57,상암월드컵파크6단지,37.5796765,126.8845108,2005,3,484,2,7,6375,14,4
359,서울특별시 마포구 상암동 월드컵북로42가길 11,DMC상암센트럴파크2단지,37.574948,126.8968915,2009,4,184,1,0,4932,4,6
360,서울특별시 마포구 서교동 홍익로 10,서교푸르지오,37.553716,126.9236241,2004,2,136,2,0,6605,6,3
361,서울특별시 마포구 성산동 모래내로9길 6,월드컵아이파크(667),37.5674474,126.9146278,2009,3,320,1,0,5115,3,3
362,서울특별시 마포구 성산동 성산로4길 75,대원,37.5644327,126.9102435,1999,4,112,1,0,8614,10,2
363,서울특별시 마포구 성산동 성암로1길 8,성사1차풍림아파트101동,37.5683037,126.9122179,2000,3,172,1,0,8323,3,3
364,서울특별시 마포구 성산동 월드컵북로 216,성산2차e-편한세상,37.5696152,126.9053837,2005,3,189,1,0,6366,12,3
365,서울특별시 마포구 성산동 월드컵북로30길 9-22,성산월드타운대림,37.5694501,126.9080502,2004,3,795,1,5,7321,8,3
366,서울특별시 마포구 신공덕동 만리재로 60,신공덕래미안3차,37.5454024,126.9568811,2003,5,366,1,0,7520,10,5
367,서울특별시 마포구 신공덕동 만리재로 74,신공덕래미안2차,37.5464743,126.9581687,2000,5,561,1,3,8126,9,5
368,서울특별시 마포구 신공덕동 백범로 212,대우월드마크마포,37.542371,126.953362,2011,5,132,2,0,4049,1,3
369,서울특별시 마포구 신공덕동 백범로 239,신공덕e편한세상,37.5419263,126.956889,2007,5,128,1,0,5762,7,5
370,서울특별시 마포구 신공덕동 백범로37길 12,신공덕1차삼성래미안1아파트,37.5434415,126.9557271,2000,5,1210,1,3,8248,2,5
371,서울특별시 마포구 신수동 독막로 209,세양청마루,37.5468417,126.934558,2003,1,192,1,0,7093,5,3
372,서울특별시 마포구 신수동 독막로28길 7,신수동성원,37.5467393,126.9375486,1998,3,260,1,0,9130,7,3
373,서울특별시 마포구 염리동 독막로 289,중앙하이츠,37.5450924,126.9451956,1998,6,114,1,2,8796,7,4
374,서울특별시 마포구 염리동 백범로25길 63,염리삼성래미안,37.5488472,126.9466457,2001,5,683,1,8,8038,9,3
375,서울특별시 마포구 중동 성암로11길 60,DMC마포청구아파트,37.5741626,126.9017449,1994,4,420,1,0,10713,7,3
376,서울특별시 마포구 중동 성암로7길 3,현대,37.5705455,126.9085153,2000,3,282,1,0,8065,8,2
377,서울특별시 마포구 창전동 독막로 145,서강예가,37.5483973,126.9296137,2007,4,635,1,0,5541,6,3
378,서울특별시 마포구 창전동 서강로 53,서강예가,37.5482267,126.9297462,2007,4,635,1,0,5541,6,3
379,서울특별시 마포구 창전동 창전로 45,서강오벨리스크스위트,37.5465423,126.9317948,2007,5,192,2,0,5740,3,3
380,서울특별시 서대문구 냉천동 독립문로14길 33,돈의문센트레빌,37.5661135,126.9615707,2011,8,681,0,0,4286,7,3
381,서울특별시 서대문구 냉천동 독립문로14길 74,동부센트레빌,37.5665955,126.9601309,2002,4,313,1,2,7590,10,3
382,서울특별시 서대문구 북가좌동 거북골로 154,북가좌삼호,37.576336,126.913249,1996,4,883,1,2,9878,14,4
383,서울특별시 서대문구 북가좌동 거북골로14길 32,DMC아이파크,37.5763376,126.9145067,2009,2,362,1,0,5121,15,2
384,서울특별시 서대문구 북가좌동 수색로 102,요진,37.5727485,126.9083156,1998,5,90,0,0,8877,11,4
385,서울특별시 서대문구 북가좌동 수색로 147-1,신일해피트리,37.5749761,126.9044544,2005,5,111,1,0,6272,5,4
386,서울특별시 서대문구 북가좌동 수색로 154,월드컵현대,37.5761568,126.904393,1998,5,254,1,0,8796,4,4
387,서울특별시 서대문구 북가좌동 수색로 157,DMC이랜드해가든,37.576165,126.9032381,2007,4,99,1,0,5649,3,2
388,서울특별시 서대문구 북가좌동 응암로 33,DMC현대아파트,37.5766505,126.9076869,2000,5,213,1,0,10106,7,4
389,서울특별시 서대문구 북가좌동 증가로30길 8,DMC서부인터빌,37.5832499,126.9130885,2008,5,69,1,0,5418,5,2
390,서울특별시 서대문구 연희동 동교로 291,임광,37.5652455,126.9270679,1999,6,212,1,0,8706,15,4
391,서울특별시 서대문구 연희동 연희로 38-20,대우푸르지오,37.5615698,126.929415,2002,5,562,1,4,7459,9,4
392,서울특별시 서대문구 현저동 독립문공원길 17,독립문극동(200-0),37.5719809,126.9567437,1998,3,1900,1,7,8899,9,2
393,서울특별시 서대문구 홍제동 통일로34길 43,홍제원현대(459-0),37.5877692,126.9494761,2000,3,1421,1,2,9013,8,4
394,서울특별시 서대문구 홍제동 통일로39가길 57,홍제현대,37.588844,126.9412984,1992,8,704,1,0,11322,4,3
395,서울특별시 서초구 반포동 고무래로 35,반포리체,37.5035723,127.0134864,2010,5,1119,2,0,4446,10,3
396,서울특별시 서초구 반포동 반포대로 275,래미안퍼스티지,37.5027777,126.9983054,2009,4,2444,2,0,4917,6,3
397,서울특별시 서초구 반포동 사평대로 154,현대동궁아파트,37.5005322,127.0019137,1991,2,224,1,0,11506,4,2
398,서울특별시 서초구 반포동 사평대로 240,반포미도2차아파트,37.5021688,127.0075039,1989,3,435,1,4,12448,1,3
399,서울특별시 서초구 반포동 서초중앙로 220,반포래미안아이파크,37.5017333,127.013169,2018,1,829,2,0,1583,5,5
400,서울특별시 서초구 반포동 서초중앙로29길 28,반포미도,37.5013408,127.0090224,1987,1,1260,1,5,13513,9,4
401,서울특별시 서초구 반포동 신반포로 270,반포자이,37.5083239,127.0155074,2009,4,3410,2,0,5127,3,3
402,서울특별시 서초구 방배동 동작대로 108,디오수페리움2,37.4860508,126.9826057,2006,7,55,2,0,6027,1,2
403,서울특별시 서초구 방배동 명달로 33,삼환나띠르빌(1002-8),37.479935,127.0055345,2003,5,126,0,0,7215,13,2
404,서울특별시 서초구 방배동 방배로13길 18,방배아크로타워,37.4830983,126.9952767,2007,5,116,2,0,5723,5,1
405,서울특별시 서초구 방배동 방배로19길 67,방배브라운가,37.4835189,126.9917625,2006,6,161,1,0,7185,9,3
406,서울특별시 서초구 방배동 방배선행길 2,삼성래미안1,37.4727532,126.9839855,2003,8,303,1,0,7032,7,5
407,서울특별시 서초구 방배동 서초대로 3-4,방배디오슈페리움Ⅰ,37.4860394,126.9830638,2006,3,80,4,0,5874,2,2
408,서울특별시 서초구 방배동 서초대로1길 2,한진로즈힐,37.4867407,126.9835123,2005,7,84,1,0,6528,4,2
409,서울특별시 서초구 방배동 서초대로1길 34,방배2차현대홈타운,37.4901241,126.9837276,2001,6,384,1,0,7788,4,2
410,서울특별시 서초구 방배동 효령로 84,대우(효령),37.4796635,126.9938925,1992,6,364,1,0,10987,11,3
411,서울특별시 서초구 방배동 효령로33길 50,서리풀e편한세상,37.4839011,126.9984568,2010,6,496,2,0,4712,7,2
412,서울특별시 서초구 방배동 효령로34길 79,삼익,37.4787922,127.0014386,1981,5,408,1,0,15005,9,1
413,서울특별시 서초구 서초동 강남대로39길 5,두산위브(1362),37.4861825,127.0326188,2005,3,78,1,0,6393,4,4
414,서울특별시 서초구 서초동 강남대로53길 11,서초동삼성쉐르빌2,37.4939235,127.0278995,2002,4,365,1,2,7586,4,5
415,서울특별시 서초구 서초동 고무래로 94,서초4현대,37.500292,127.0182954,2000,4,160,2,0,8095,10,5
416,서울특별시 서초구 서초동 남부순환로317길 34,래미안서초4차,37.481024,127.0107482,2005,7,56,2,0,6413,11,4
417,서울특별시 서초구 서초동 남부순환로323길 38-15,서초한신,37.4825776,127.0144307,2001,6,194,2,0,7687,6,5
418,서울특별시 서초구 서초동 남부순환로323길 38-16,서초한신,37.4825776,127.0144307,2001,6,194,2,0,7687,6,5
419,서울특별시 서초구 서초동 남부순환로337가길 51-9,신원아침도시(1434),37.484451,127.0236746,2004,7,40,1,0,6696,11,5
420,서울특별시 서초구 서초동 남부순환로337가길 52,신원아침도시(1420),37.4844041,127.0243265,2005,3,88,1,0,6214,8,6
421,서울특별시 서초구 서초동 반포대로23길 71,현대홈타운,37.4884593,127.0053593,2005,5,68,0,0,6438,8,1
422,서울특별시 서초구 서초동 사임당로14길 10,서초로얄,37.4886106,127.0173051,2001,2,40,1,0,7853,8,3
423,서울특별시 서초구 서초동 사임당로17길 116,서초삼성래미안,37.4932689,127.0196731,2001,7,299,2,0,7914,8,4
424,서울특별시 서초구 서초동 사임당로19길 10,서초현대,37.4906242,127.0200887,1999,7,299,1,0,8432,12,4
425,서울특별시 서초구 서초동 사임당로23길 53,아남,37.4930744,127.02088,1989,7,166,1,6,12052,12,4
426,서울특별시 서초구 서초동 사평대로56길 7,서초한일유앤아이주상복합,37.5031698,127.0234988,2007,3,60,2,0,5632,3,4
427,서울특별시 서초구 서초동 서운로 194,서초두산위브트레지움,37.500505,127.0232326,2008,2,98,2,0,5226,10,5
428,서울특별시 서초구 서초동 서운로 197,롯데캐슬클래식,37.5003349,127.0220553,2006,4,990,2,4,6050,7,6
429,서울특별시 서초구 서초동 서운로 200,롯데캐슬클래식,37.5003349,127.0220553,2006,4,990,2,4,6050,7,6
430,서울특별시 서초구 서초동 서운로 221,래미안서초스위트,37.5021291,127.0204507,2009,4,392,1,0,5083,6,6
431,서울특별시 서초구 서초동 서운로3길 29,우정에쉐르,37.4846578,127.0285397,2004,3,77,1,0,6662,9,4
432,서울특별시 서초구 서초동 서운로9길 63,동원베네스트아파트,37.4850992,127.0267723,2002,3,126,1,0,7336,13,5
433,서울특별시 서초구 서초동 서초대로64길 31,서초한일,37.4943827,127.0210959,1997,7,86,1,0,9222,9,4
434,서울특별시 서초구 서초동 서초대로64길 36,대성유니드,37.4938184,127.0208511,2004,7,83,2,4,6880,10,4
435,서울특별시 서초구 서초동 서초대로65길 13-10,서초래미안,37.4987627,127.0186049,2003,7,1129,2,5,7170,11,5
436,서울특별시 서초구 서초동 서초대로74길 29,서초파라곤,37.4949034,127.0274129,2005,3,60,2,0,6269,4,4
437,서울특별시 서초구 서초동 서초대로74길 30,우성아파트,37.4947315,127.0267841,1998,4,408,1,0,9740,6,5
438,서울특별시 서초구 서초동 서초중앙로 200,삼풍아파트,37.4985336,127.0155431,1988,2,2390,2,0,12692,8,4
439,서울특별시 서초구 서초동 서초중앙로24길 33,서초교대e편한세상,37.4964774,127.0171601,2010,4,435,0,0,4622,4,3
440,서울특별시 서초구 서초동 서초중앙로24길 43,유원서초,37.4962524,127.0182815,1993,3,590,1,0,11109,5,2
441,서울특별시 서초구 서초동 서초중앙로24길 57,서초롯데캐슬프레지던트,37.4965718,127.0198437,2014,8,280,0,0,2969,8,3
442,서울특별시 서초구 서초동 서초중앙로2길 21,더샵서초,37.4839571,127.01811,2006,9,329,3,0,6089,4,4
443,서울특별시 서초구 서초동 효령로 237,서초한신리빙타워,37.4841423,127.0099699,1999,5,104,2,0,8796,9,5
444,서울특별시 서초구 서초동 효령로67길 35,극동스타클래스2,37.4887317,127.0228895,2006,7,60,1,0,5956,12,5
445,서울특별시 서초구 서초동 효령로68길 13,현대아파트,37.4864642,127.024908,1989,3,412,1,0,12066,13,6
446,서울특별시 서초구 서초동 효령로68길 81,서초자이,37.4849592,127.0201944,2006,3,184,2,0,6093,5,3
447,서울특별시 서초구 서초동 효령로72길 14,현대아파트,37.4864642,127.024908,1989,3,412,1,0,12066,13,6
448,서울특별시 서초구 서초동 효령로72길 57,서초트라팰리스,37.4867542,127.0283802,2005,4,257,2,9,6231,10,5
449,서울특별시 서초구 서초동 효령로74길 56,서초벽산블루밍,37.4856904,127.0260206,2006,7,60,1,0,6018,13,5
450,서울특별시 서초구 서초동 효령로74길 57,동원베네스트아파트,37.4850992,127.0267723,2002,3,126,1,0,7336,13,5
451,서울특별시 서초구 잠원동 강남대로95길 56,대주피오레아파트,37.5128131,127.0170218,2002,2,49,2,0,7275,7,2
452,서울특별시 서초구 잠원동 나루터로 46,금호베스트빌,37.5146397,127.0142264,2002,3,117,2,4,7362,7,2
453,서울특별시 서초구 잠원동 반포대로 310,두산위브,37.5067706,127.0005752,2003,2,49,1,0,7103,8,3
454,서울특별시 서초구 잠원동 신반포로23길 41,신반포2,37.5103475,127.0023599,1978,4,1572,2,0,16284,10,3
455,서울특별시 서초구 잠원동 신반포로33길 15,동아,37.5086508,127.010067,2002,6,991,1,5,7485,5,3
456,서울특별시 서초구 잠원동 신반포로33길 66,신반포청구,37.5139308,127.0084374,1998,2,347,0,3,9130,8,3
457,서울특별시 서초구 잠원동 잠원로 166-17,강변,37.5176525,127.0124685,1987,2,360,1,3,12953,11,2
458,서울특별시 서초구 잠원동 잠원로 166-4,미주파스텔,37.517265,127.0110618,2002,2,91,1,0,8584,12,2
459,서울특별시 서초구 잠원동 잠원로 85,블루힐하우스,37.5118135,127.0059973,1999,2,125,1,0,8461,7,3
460,서울특별시 서초구 잠원동 잠원로3길 20,중앙하이츠,37.5101361,127.0047584,1998,2,126,1,0,8796,8,3
461,서울특별시 서초구 잠원동 잠원로3길 8,한신타워,37.5107842,127.0059623,1996,2,250,1,4,9648,13,3
462,서울특별시 성동구 금호동2가 금호로 107,래미안하이리버,37.5519831,127.0230371,2012,8,847,0,0,3879,9,5
463,서울특별시 성동구 금호동4가 금호로 15,서울숲푸르지오,37.5446984,127.0223406,2007,8,888,1,7,5632,14,5
464,서울특별시 성동구 금호동4가 금호로 17,서울숲푸르지오2차,37.5539343,127.0205234,2012,6,707,1,0,3789,12,3
465,서울특별시 성동구 금호동4가 독서당로 272,대우,37.5460658,127.0199938,2001,5,1689,1,7,7912,8,4
466,서울특별시 성동구 금호동4가 동호로 84,롯데,37.5470635,127.0174345,2003,6,249,1,5,7296,4,5
467,서울특별시 성동구 금호동4가 매봉길 24,브라운스톤금호,37.5466414,127.0157697,2007,7,217,1,4,5754,4,5
468,서울특별시 성동구 사근동 살곶이길 176,벽산,37.5607212,127.0470822,2000,5,133,1,0,8279,6,4
469,서울특별시 성동구 성수동1가 뚝섬로 310,한진타운,37.5410567,127.0453964,1994,3,378,1,0,10501,3,5
470,서울특별시 성동구 성수동1가 뚝섬로 311,서울숲대림,37.5418042,127.0457931,2000,3,372,1,4,8126,6,3
471,서울특별시 성동구 성수동1가 뚝섬로1길 4,서울숲대림,37.5418042,127.0457931,2000,3,372,1,4,8126,6,3
472,서울특별시 성동구 성수동1가 뚝섬로3길 6,현대그린,37.5406149,127.0498276,1994,10,219,1,0,10287,11,6
473,서울특별시 성동구 성수동1가 뚝섬로5길 17,금호,37.5419314,127.0505158,2003,10,159,1,0,7201,9,6
474,서울특별시 성동구 성수동1가 상원12길 15,동아그린,37.5507561,127.0482536,1999,4,331,1,3,8888,8,3
475,서울특별시 성동구 성수동1가 상원6길 16,대우2,37.5483977,127.0501181,1999,4,283,1,4,8584,4,3
476,서울특별시 성동구 성수동1가 상원길 15,동아그린,37.5494155,127.0499374,1999,4,331,1,3,8888,8,3
477,서울특별시 성동구 성수동1가 상원길 42,뚝섬현대,37.54768,127.048828,1992,4,99,1,3,11322,4,3
478,서울특별시 성동구 성수동1가 상원길 63,쌍용,37.5495276,127.0471998,1997,4,777,1,6,9314,4,3
479,서울특별시 성동구 성수동1가 상원길 75,우방,37.5507685,127.0473402,1997,4,92,1,0,9344,9,3
480,서울특별시 성동구 성수동1가 상원길 76,동아그린,37.5507561,127.0482536,1999,4,331,1,3,8888,8,3
481,서울특별시 성동구 성수동1가 상원길 77,우방,37.5507685,127.0473402,1997,4,92,1,0,9344,9,3
482,서울특별시 성동구 성수동1가 서울숲길 25,서울숲성수현대,37.5484093,127.0406299,1990,5,217,1,2,11882,8,3
483,서울특별시 성동구 성수동1가 왕십리로 66-15,신장미,37.5435182,127.0437247,1983,3,173,1,0,14884,3,4
484,서울특별시 성동구 성수동1가 왕십리로 80,동아,37.5446561,127.0452248,1983,3,390,1,0,14397,2,4
485,서울특별시 성동구 성수동2가 성수이로 137,현대I-PARK,37.5472605,127.0566158,2003,4,656,2,4,7063,5,4
486,서울특별시 성동구 성수동2가 성수일로10길 3,성수우방2차아파트,37.5484434,127.0516509,1999,6,221,1,2,8522,8,3
487,서울특별시 성동구 성수동2가 성수일로4길 26,힐스테이트,37.5412119,127.0521329,2009,10,445,2,0,4960,10,7
488,서울특별시 성동구 성수동2가 성수일로8길 47,롯데캐슬파크,37.5460975,127.0558655,2003,4,604,2,3,7032,2,4
489,서울특별시 성동구 성수동2가 연무장길 31,금호타운2차아파트,37.5433538,127.0530428,1997,5,141,1,0,9283,6,3
490,서울특별시 성동구 옥수동 독서당로 191,극동,37.5434044,127.0117249,1986,5,900,1,7,13179,11,5
491,서울특별시 성동구 옥수동 독서당로 218,삼성,37.5422258,127.0141937,1999,5,1444,1,9,8621,9,5
492,서울특별시 성동구 옥수동 독서당로 242,동인샤인빌,37.5449688,127.0175706,2003,5,68,0,0,7275,6,5
493,서울특별시 성동구 옥수동 독서당로40길 25,현대,37.5435494,127.0189517,1990,5,566,2,4,11932,1,2
494,서울특별시 성동구 옥수동 독서당로40길 37,옥수어울림,37.5422885,127.0181535,2011,3,297,2,0,3988,1,1
495,서울특별시 성동구 옥수동 매봉길 15,래미안 옥수 리버젠,37.5451492,127.0141611,2012,4,1821,1,0,3653,4,1
496,서울특별시 성동구 옥수동 한림말길 50,옥수하이츠,37.5401176,127.0163862,1998,5,774,1,7,9252,4,5
497,서울특별시 성동구 응봉동 고산자로 160,대림강변타운,37.5538974,127.0348727,2001,5,1150,1,4,7761,8,4
498,서울특별시 성동구 응봉동 고산자로4길 34,서울숲리버그린동아아파트,37.5529412,127.0372614,2003,6,375,1,3,7147,9,2
499,서울특별시 성동구 응봉동 독서당로 377,금호현대,37.5509707,127.0309944,1990,5,644,1,0,12144,14,2
500,서울특별시 성동구 응봉동 독서당로 381,금호현대,37.5505499,127.0341139,1990,5,644,1,0,12144,14,2
501,서울특별시 성동구 응봉동 독서당로 434,대림(1차),37.5505499,127.0341139,1986,5,855,1,0,13240,11,2
502,서울특별시 성동구 응봉동 독서당로62길 43,대림(1차),37.5515893,127.0330269,1986,5,855,1,0,13240,11,2
503,서울특별시 성동구 하왕십리동 난계로 114-31,금호베스트빌,37.5613016,127.0257932,2001,8,732,1,7,8038,8,4
504,서울특별시 성동구 하왕십리동 무학로 50,청계벽산,37.568672,127.0320307,1996,4,822,2,4,9709,11,2
505,서울특별시 성동구 하왕십리동 청계천로 494,청계벽산,37.568672,127.0320307,1996,4,822,2,4,9709,11,2
506,서울특별시 성동구 행당동 고산자로 177,서울숲행당푸르지오,37.5555131,127.0330068,2011,6,457,1,0,4259,9,3
507,서울특별시 성동구 행당동 독서당로 441,신동아,37.5574629,127.0347413,1995,4,636,0,0,10775,11,3
508,서울특별시 성동구 행당동 행당로 82,행당한진타운,37.5559126,127.0290958,2000,3,2851,1,2,8645,1,3
509,서울특별시 성동구 행당동 행당로8길 8,두산위브,37.5571878,127.0312706,2009,4,465,0,0,4776,4,3
510,서울특별시 성북구 길음동 길음로 118,길음뉴타운4단지(e편한세상),37.6119424,127.0194697,2005,7,1881,1,4,6462,14,6
511,서울특별시 성북구 길음동 길음로 119,길음뉴타운2단지푸르지오,37.6108287,127.0179463,2005,7,1634,1,8,6456,11,6
512,서울특별시 성북구 길음동 길음로 16,길음뉴타운6단지(래미안),37.6063008,127.0228112,2007,7,977,1,10,5895,3,6
513,서울특별시 성북구 길음동 길음로 33,길음뉴타운8단지(래미안),37.6075197,127.018009,2010,7,1617,1,0,4567,9,6
514,서울특별시 성북구 길음동 길음로 74,길음뉴타운5단지(래미안),37.6097759,127.0206116,2006,7,560,1,8,6035,13,6
515,서울특별시 성북구 길음동 길음로9길 40,길음뉴타운1단지(래미안길음1차),37.6058638,127.0203016,2003,7,1125,1,8,7274,5,5
516,서울특별시 성북구 길음동 길음로9길 50,길음뉴타운9단지(래미안),37.6035622,127.0198289,2010,7,1254,1,0,4475,8,5
517,서울특별시 성북구 돈암동 동소문로34길 24,돈암동삼성,37.599028,127.0233899,1999,3,2014,1,7,8675,7,5
518,서울특별시 성북구 돈암동 동소문로34길 73,길음역금호어울림센터힐,37.5989354,127.0231516,2014,2,490,1,0,2480,13,1
519,서울특별시 성북구 돈암동 북악산로 913,돈암동 풍림아파트 101~105동,37.5958376,127.0232421,1999,4,769,1,4,8635,11,5
520,서울특별시 성북구 돈암동 성북로4길 52,한신,37.5947663,127.0104379,1998,5,4509,1,8,8949,9,7
521,서울특별시 성북구 돈암동 성북로4길 52,한진(609-1),37.5947663,127.0104379,1998,5,4509,1,8,8949,9,7
522,서울특별시 성북구 돈암동 아리랑로 68,돈암힐스테이트,37.5986227,127.0150616,2007,3,200,1,0,5829,6,5
523,서울특별시 성북구 돈암동 아리랑로5길 92,돈암동해피트리,37.5972748,127.0118186,2013,4,192,2,0,3631,7,5
524,서울특별시 성북구 돈암동 정릉로 388,동부센트레빌,37.6026231,127.0259747,2003,4,540,1,7,7369,2,7
525,서울특별시 성북구 돈암동 정릉로 402-16,범양,37.6032812,127.0279914,1998,5,499,1,4,8788,4,5
526,서울특별시 성북구 돈암동 정릉로 404,돈암현대아파트,37.6082356,127.009657,1991,5,619,0,6,11536,10,4
527,서울특별시 성북구 동소문동7가 동소문로15길 99,한신플러스C,37.595164,127.014139,2004,7,409,1,9,7336,5,6
528,서울특별시 성북구 보문동3가 지봉로21길 19,현대I-PARK,37.5854796,127.0168301,2003,9,431,1,4,7062,3,5
529,서울특별시 성북구 삼선동4가 삼선교로23길 23,코오롱,37.5902678,127.0125187,1999,5,437,1,6,8918,6,4
530,서울특별시 성북구 상월곡동 장월로1길 28,동아에코빌,37.607923,127.0453013,2003,5,1531,1,5,7535,5,5
531,서울특별시 성북구 상월곡동 화랑로15길 4,우남푸르미아,37.6057268,127.0464834,1994,3,225,2,0,10257,4,5
532,서울특별시 성북구 석관동 한천로 509,코오롱,37.6062279,127.0656478,1999,3,453,1,6,8862,11,2
533,서울특별시 성북구 석관동 화랑로48길 16,두산,37.6126112,127.0687734,1998,3,1998,1,8,9161,6,4
534,서울특별시 성북구 안암동1가 고려대로17가길 64,안암동삼성래미안,37.5893024,127.0238533,2005,10,528,1,7,6398,8,6
535,서울특별시 성북구 안암동1가 인촌로17가길 64,안암동삼성래미안,37.5893024,127.0238533,2005,10,528,1,7,6398,8,6
536,서울특별시 성북구 정릉동 보국문로 116,정릉힐스테이트3차,37.6144259,127.0077456,2008,5,522,1,8,5394,4,4
537,서울특별시 성북구 정릉동 보국문로 19,정릉푸르지오,37.6061668,127.0099721,2005,4,403,1,4,6240,6,6
538,서울특별시 성북구 정릉동 솔샘로25길 28,정릉풍림아이원,37.6186219,127.007307,2005,3,2305,1,2,7122,8,1
539,서울특별시 성북구 정릉동 정릉로 305,길음뉴타운경남아너스빌,37.6042574,127.0171799,1999,4,866,1,4,8595,5,5
540,서울특별시 성북구 종암동 종암로21길 127,아이파크종암동1차,37.6025363,127.0298016,2004,5,513,1,2,6819,9,5
541,서울특별시 성북구 종암동 종암로23길 35,래미안세레니티,37.5992432,127.0310266,2009,4,955,1,0,4809,13,5
542,서울특별시 성북구 종암동 종암로24가길 53,종암에스케이,37.6010514,127.0368411,1999,5,1783,1,4,8669,8,7
543,서울특별시 성북구 종암동 종암로24가길 80,래미안라센트,37.5996248,127.0387994,2011,5,1025,1,0,4352,6,7
544,서울특별시 성북구 종암동 종암로25길 30,삼성래미안,37.6009545,127.0301755,2004,5,1168,1,2,7149,8,5
545,서울특별시 성북구 하월곡동 오패산로 46,월곡두산위브,37.6069136,127.0386139,2003,8,2655,1,10,7185,12,6
546,서울특별시 성북구 하월곡동 오패산로 90,래미안월곡,37.6105228,127.0369217,2006,5,1372,1,8,6008,15,4
547,서울특별시 성북구 하월곡동 오패산로3길 17,동신,37.6044161,127.0353254,1998,2,746,1,7,8949,13,1
548,서울특별시 성북구 하월곡동 월곡로14길 26,월곡래미안루나밸리,37.5990315,127.0421761,2007,5,787,1,8,5544,6,6
549,서울특별시 송파구 가락동 동남로 225,래미안파크팰리스,37.4980961,127.1321303,2007,4,919,1,4,5525,3,4
550,서울특별시 송파구 가락동 동남로11길 4,가락미륭아파트,37.4935937,127.1287299,1986,4,435,1,0,13209,7,7
551,서울특별시 송파구 가락동 송이로15길 31,가락쌍용(2차),37.5015104,127.122275,1999,3,492,1,0,8492,7,5
552,서울특별시 송파구 거여동 양산로4길 16,거여5단지,37.4888158,127.1453108,1997,4,605,1,5,9283,10,5
553,서울특별시 송파구 거여동 오금로56길 16,우방1,37.4925869,127.1422247,1999,5,257,1,4,8514,2,1
554,서울특별시 송파구 거여동 오금로56길 28,금호어울림,37.4921498,127.1433402,2003,4,140,2,4,6971,5,5
555,서울특별시 송파구 문정동 동남로 160,문정가락현대1차,37.490182,127.127859,1984,4,514,1,5,13939,14,5
556,서울특별시 송파구 문정동 중대로 24,올림픽훼밀리타운,37.4885861,127.1153362,1988,3,4494,1,8,12448,5,5
557,서울특별시 송파구 방이동 양재대로 1089,한양3,37.5061281,127.1224849,1985,3,252,1,6,13819,12,4
558,서울특별시 송파구 방이동 양재대로 1109,대림,37.5076633,127.124291,1985,7,480,2,7,13819,2,7
559,서울특별시 송파구 방이동 오금로31길 27,코오롱아파트,37.5085137,127.1224351,1991,7,758,1,5,11687,7,7
560,서울특별시 송파구 방이동 오금로31길 28,코오롱아파트,37.5084823,127.1234319,1991,7,758,1,5,11687,7,7
561,서울특별시 송파구 송파동 오금로 126,레이크해모로,37.5113292,127.1088048,2005,4,75,2,0,6271,6,4
562,서울특별시 송파구 송파동 오금로32길 10,미성맨션,37.5058263,127.119104,1985,4,378,2,0,13819,13,6
563,서울특별시 송파구 송파동 오금로32길 14,송파삼성래미안아파트,37.5046082,127.118771,2001,4,845,2,3,7680,13,6
564,서울특별시 송파구 송파동 오금로32길 5,가락삼익맨숀,37.5055381,127.1211805,1984,4,936,2,2,13909,10,5
565,서울특별시 송파구 신천동 올림픽로 435,파크리오,37.5212561,127.1095962,2008,5,6864,1,0,5237,4,6
566,서울특별시 송파구 신천동 올림픽로35가길 9,잠실푸르지오월드마크,37.5175312,127.103575,2013,3,288,2,0,3477,5,6
567,서울특별시 송파구 신천동 올림픽로35길 104,장미1,37.5193571,127.0993659,1979,3,2100,1,2,16070,7,4
568,서울특별시 송파구 오금동 마천로7길 4,대림,37.5082021,127.1283034,1988,3,749,1,5,12439,8,5
569,서울특별시 송파구 오금동 양재대로72길 15,현대백조,37.5092382,127.1290175,1997,3,438,1,5,9495,7,5
570,서울특별시 송파구 오금동 양재대로72길 42,쌍용스윗닷홈1단지,37.5078588,127.1311102,2005,3,110,1,4,6301,8,5
571,서울특별시 송파구 오금동 오금로 407,상아2차아파트,37.4982404,127.136456,1988,4,750,1,5,12509,3,4
572,서울특별시 송파구 오금동 오금로35길 17,현대(2-4차),37.5057916,127.1263283,1984,5,1316,1,7,13893,6,2
573,서울특별시 송파구 오금동 위례성대로 176,대림,37.5103481,127.1291211,1988,3,749,1,5,12439,8,5
574,서울특별시 송파구 잠실동 백제고분로18길 30,우성4차,37.5027135,127.0829215,1983,6,555,1,3,14366,12,4
575,서울특별시 송파구 잠실동 송파대로 567,주공아파트 5단지,37.515194,127.0948475,1978,4,3930,1,9,16331,3,4
576,서울특별시 송파구 잠실동 올림픽로 135,리센츠,37.5127117,127.0886646,2008,8,5563,1,0,5267,1,7
577,서울특별시 송파구 잠실동 올림픽로 99,잠실엘스,37.512376,127.100639,2008,9,5678,1,0,5205,5,8
578,서울특별시 송파구 잠실동 올림픽로4길 42,우성아파트,37.5068555,127.0729819,1981,5,1842,1,5,15005,8,5
579,서울특별시 송파구 잠실동 잠실로 62,트리지움,37.5098111,127.0895602,2007,2,3696,1,6,5602,7,6
580,서울특별시 송파구 장지동 충민로6길 14,송파파인타운6단지,37.4805212,127.1319153,2008,7,564,1,0,5231,9,7
581,서울특별시 송파구 풍납동 올림픽로 525,현대1,37.5294251,127.1190189,1995,6,708,1,7,9922,6,7
582,서울특별시 송파구 풍납동 올림픽로45길 11,극동,37.5265521,127.1166621,1987,6,415,1,4,12539,9,7
583,서울특별시 송파구 풍납동 풍성로15길 10,대동1,37.5352192,127.1168891,1999,5,93,1,5,8765,12,6
584,서울특별시 송파구 풍납동 풍성로6길 15,신동아파밀리에,37.5336423,127.114483,1993,6,135,1,0,10622,12,7
585,서울특별시 송파구 풍납동 한가람로 448,동아한가람1,37.537009,127.114494,1995,6,782,1,4,10257,12,4
586,서울특별시 송파구 풍납동 한가람로 468,신성노바빌아파트,37.5385407,127.1167068,2000,6,236,1,0,8156,13,4
587,서울특별시 송파구 풍납동 한가람로 478,씨티극동1,37.5330475,127.1092458,1998,6,442,1,0,9587,11,4
588,서울특별시 양천구 목동 목동동로 250,진도2,37.5256287,126.873651,1999,5,179,1,0,8706,3,5
589,서울특별시 양천구 목동 목동동로12길 23,목동대림,37.5233363,126.8741946,1994,3,262,1,7,10440,3,5
590,서울특별시 양천구 목동 목동동로12길 45,삼익,37.522705,126.8766195,1997,7,277,1,0,9344,3,8
591,서울특별시 양천구 목동 목동로 224,대원칸타빌,37.5284864,126.8648581,2001,4,154,1,0,7791,4,3
592,서울특별시 양천구 목동 목동로 230,현대I-PARK,37.5289944,126.8650201,2003,4,171,1,0,7124,5,5
593,서울특별시 양천구 목동 목동서로 234,목동성원(926-8),37.5263135,126.86931680000001,1997,3,200,1,0,9464,6,7
594,서울특별시 양천구 목동 목동서로 264,진도1,37.5243742,126.8685258,1998,5,182,1,0,8918,8,5
595,서울특별시 양천구 목동 목동서로 38,목동신시가지1,37.539193,126.8794362,1985,6,1882,1,3,13544,8,5
596,서울특별시 양천구 목동 목동중앙로 143,우성,37.5411913,126.8755307,1992,4,332,1,0,11201,12,4
597,서울특별시 양천구 신월동 신월로22길 10,신월휘버스,37.5198743,126.8461682,2004,4,48,21,0,6939,12,8
598,서울특별시 양천구 신정동 목동동로 130,목동신시가지14,37.5149985,126.8725405,1987,4,3100,1,2,12905,13,5
599,서울특별시 양천구 신정동 목동동로12길 60,목동현대3차,37.5229444,126.8738458,1997,7,972,1,0,9314,8,6
600,서울특별시 양천구 신정동 신목로 16,쌍용,37.5226732,126.8760245,1992,3,270,1,0,11017,12,4
601,서울특별시 양천구 신정동 신목로 23,현대,37.5172967,126.8744833,1995,7,217,1,0,10045,14,7
602,서울특별시 양천구 신정동 신목로 9,쌍용,37.517054,126.8755887,1992,3,270,1,0,11017,12,4
603,서울특별시 양천구 신정동 신목로5길 9,대림,37.5177284,126.8735526,1992,3,210,1,0,11017,15,4
604,서울특별시 양천구 신정동 신정로 290,신트리3,37.5119007,126.8529747,2000,7,537,1,2,8106,15,3
605,서울특별시 양천구 신정동 신정중앙로21길 10,이연에버리치,37.5269754,126.8623298,2007,3,42,1,0,5812,3,5
606,서울특별시 양천구 신정동 중앙로29길 108,대성유니드2차,37.5208696,126.8486258,2004,3,186,1,0,6743,7,7
607,서울특별시 양천구 신정동 중앙로45길 42,정은스카이빌2차,37.5220631,126.8487737,2004,4,80,1,0,6861,7,5
608,서울특별시 영등포구 당산동 당산로54길 11,래미안당산1차,37.5342693,126.9056216,1995,3,348,2,2,10106,5,1
609,서울특별시 영등포구 당산동 버드나루로 130,강변래미안,37.5294711,126.9084217,2002,4,801,1,3,7491,9,5
610,서울특별시 영등포구 당산동1가 당산로 68,진로,37.5207142,126.8963363,1997,5,461,0,2,9283,6,8
611,서울특별시 영등포구 당산동1가 영등포로 130,진로,37.5210326,126.8957506,1997,5,461,0,2,9283,6,8
612,서울특별시 영등포구 당산동2가 당산로 95,당산2가현대홈타운,37.523372,126.894979,1994,5,783,2,6,10440,1,8
613,서울특별시 영등포구 당산동3가 국회대로 552,삼익,37.5255183,126.8972369,1979,3,176,0,0,15947,6,5
614,서울특별시 영등포구 당산동3가 당산로31길 32,쌍용예가클래식,37.5274114,126.8935179,2010,3,284,1,0,4551,7,1
615,서울특별시 영등포구 당산동3가 양산로17길 22,당산어울림2차,37.5263308,126.8942669,2009,4,125,1,0,4800,4,8
616,서울특별시 영등포구 당산동3가 영신로 191,동부센트레빌,37.523817,126.8985626,2003,4,468,2,7,7128,7,5
617,서울특별시 영등포구 당산동3가 영신로 193,당산한양,37.5255183,126.8972369,1986,3,338,1,0,13482,7,4
618,서울특별시 영등포구 당산동4가 국회대로 597,당산반도유보라팰리스,37.5268539,126.9016456,2010,3,299,2,0,4688,7,3
619,서울특별시 영등포구 당산동4가 국회대로29길 13,유원제일,37.5298399,126.8961476,1983,6,360,1,5,14249,8,8
620,서울특별시 영등포구 당산동4가 국회대로37길 22,당산금호어울림,37.5283764,126.9013395,2002,3,292,1,0,7397,8,4
621,서울특별시 영등포구 당산동4가 당산로36길 12,당산삼성2차,37.5276966,126.8984916,1997,5,392,1,2,9252,5,5
622,서울특별시 영등포구 당산동4가 당산로41길 23,당산현대3차,37.5314402,126.8967236,1988,5,509,1,3,12328,10,5
623,서울특별시 영등포구 당산동4가 당산로42길 16,당산현대5차,37.5296095,126.9008077,2000,4,976,1,8,8340,9,5
624,서울특별시 영등포구 당산동4가 영신로55길 8,브라운스톤당산,37.5271956,126.9022573,2015,4,162,0,0,2591,7,2
625,서울특별시 영등포구 당산동4가 영신로57길 5,한강아파트,37.5279732,126.9028354,1999,6,265,1,6,8521,12,5
626,서울특별시 영등포구 당산동5가 당산로 214,당산삼성래미안4차,37.5319821,126.9030334,2003,6,1391,2,3,6913,1,5
627,서울특별시 영등포구 당산동5가 당산로42길 13,당산효성1차,37.5307534,126.9017345,1999,3,480,1,3,8431,5,4
628,서울특별시 영등포구 당산동5가 당산로42길 7,당산효성타운2차,37.531008,126.9006198,2001,3,258,1,0,7761,5,4
629,서울특별시 영등포구 대림동 가마산로 312,신동아,37.4968124,126.8946051,1987,3,591,0,6,13148,5,7
630,서울특별시 영등포구 대림동 대림로31길 39,신동아,37.4952167,126.8949894,1987,3,591,0,6,13148,5,7
631,서울특별시 영등포구 도림동 도신로15다길 33,한라,37.5076988,126.8973073,1998,3,142,1,0,8918,8,5
632,서울특별시 영등포구 도림동 도신로15라길 5-7,한라,37.5076988,126.8973073,1998,3,142,1,0,8918,8,5
633,서울특별시 영등포구 도림동 도영로 66,영등포아트자이,37.5104465,126.8995476,2014,4,836,0,0,3197,14,6
634,서울특별시 영등포구 양평동3가 선유동2로 29,현대2차,37.5321336,126.8954304,1990,4,312,1,6,11809,11,5
635,서울특별시 영등포구 양평동3가 선유로 207,양평현대6차,37.5289951,126.8924107,2000,2,770,1,5,8050,12,4
636,서울특별시 영등포구 양평동3가 선유로43가길 24,거성파스텔,37.5314592,126.8919228,1999,2,532,1,3,8617,12,4
637,서울특별시 영등포구 여의도동 63로 45,시범,37.5207424,126.9370305,1971,4,1584,0,8,18638,12,1
638,서울특별시 영등포구 여의도동 국제금융로 108-6,진주,37.5181045,126.9329752,1977,4,376,0,0,16527,5,5
639,서울특별시 영등포구 여의도동 국제금융로7길 1,수정,37.5230602,126.9306805,1976,4,329,1,0,16953,7,3
640,서울특별시 영등포구 여의도동 국제금융로7길 20,대교,37.5221313,126.9337787,1975,4,576,2,0,17288,8,5
641,서울특별시 영등포구 여의도동 국제금융로7길 27,삼부,37.5244655,126.9319411,1975,4,866,1,0,16892,4,5
642,서울특별시 영등포구 여의도동 국회대로76가길 11,순복음(초원),37.530782,126.923921,1971,4,153,0,0,18658,12,5
643,서울특별시 영등포구 여의도동 여의나루로 126,목화,37.5259984,126.9325629,1977,4,312,0,0,16527,1,3
644,서울특별시 영등포구 여의도동 여의대로6길 17,공작,37.5265909,126.9297307,1976,4,373,0,0,16892,4,3
645,서울특별시 영등포구 여의도동 여의동로 143,대우트럼프월드Ⅰ,37.5174675,126.9322795,2002,4,282,2,7,7365,6,6
646,서울특별시 영등포구 여의도동 의사당대로 110,미성,37.5199076,126.9245387,1978,4,577,1,0,16315,5,5
647,서울특별시 영등포구 영등포동8가 영중로 145,삼환,37.5283387,126.905394,1999,4,520,1,2,8614,6,5
648,서울특별시 영등포구 영등포동8가 영중로 154,당산푸르지오,37.5305102,126.9061998,2004,4,538,2,5,6693,9,5
649,서울특별시 용산구 문배동 백범로 341,리첸시아용산B,37.5380381,126.9675825,2010,4,260,2,0,4628,7,4
650,서울특별시 용산구 문배동 백범로90길 74,이안용산1차(101동),37.537451,126.9696399,2005,6,266,1,0,6239,4,4
651,서울특별시 용산구 문배동 백범로90다길 12,CJ나인파크,37.5360166,126.9690249,2007,5,280,2,0,5643,8,7
652,서울특별시 용산구 산천동 효창원로 17,리버힐삼성,37.5351215,126.9506953,2001,8,1465,1,3,8025,15,9
653,서울특별시 용산구 신창동 효창원로15길 16,세방리버하이빌,37.5359517,126.9539578,2005,9,176,1,0,6484,14,9
654,서울특별시 용산구 용산동5가 서빙고로 67,용산파크타워(24-0),37.5239187,126.9718594,2009,4,888,0,0,5174,2,6
655,서울특별시 용산구 원효로1가 원효로90길 11,용산더프라임,37.5401662,126.9700719,2014,9,559,2,0,3239,4,6
656,서울특별시 용산구 이촌동 이촌로 174,동부센트레빌,37.520931,126.9665039,2001,3,309,2,3,7882,11,4
657,서울특별시 용산구 이촌동 이촌로 181,한강(대우),37.5221203,126.9693836,2000,3,834,1,3,8340,7,5
658,서울특별시 용산구 이촌동 이촌로 201,한가람,37.5215466,126.9703451,1998,3,2036,1,7,8887,4,4
659,서울특별시 용산구 이촌동 이촌로64길 15,LG한강자이,37.5194588,126.9705367,2003,3,656,3,7,7186,8,5
660,서울특별시 용산구 이촌동 이촌로65가길 51,한가람,37.5216688,126.9739239,1998,3,2036,1,7,8887,4,4
661,서울특별시 용산구 이촌동 이촌로65길 8,한가람,37.5214391,126.9715571,1998,3,2036,1,7,8887,4,4
662,서울특별시 용산구 이촌동 이촌로71길 10,한가람,37.5207574,126.9734658,1998,3,2036,1,7,8887,4,4
663,서울특별시 용산구 이촌동 이촌로87길 13,강촌,37.5192056,126.9770742,1998,3,1001,1,3,9161,13,5
664,서울특별시 용산구 이촌동 이촌로87길 14,강촌,37.5191429,126.9795118,1998,3,1001,1,3,9161,13,5
665,서울특별시 용산구 이촌동 이촌로87길 21,이촌코오롱(A),37.5199827,126.9786768,1999,3,787,1,4,8461,6,5
666,서울특별시 용산구 한강로2가 한강대로53길 16,용산파크e-편한세상,37.5339355,126.9709114,2007,1,146,0,0,5680,6,4
667,서울특별시 은평구 불광동 통일로 796,북한산힐스테이트7차,37.6183087,126.9390451,2011,5,1070,1,0,4170,11,4
668,서울특별시 은평구 수색동 은평터널로 60,진흥엣세벨,37.5853446,126.9002298,2003,4,280,1,0,7295,9,3
669,서울특별시 은평구 수색동 은평터널로 65,e편한세상 수색 에코포레,37.5867485,126.8998503,2003,5,1440,1,4,7822,11,3
670,서울특별시 은평구 신사동 은평터널로 164,현대1,37.5935249,126.908464,1997,5,445,1,0,11017,8,3
671,서울특별시 은평구 신사동 증산로15길 50,대주파크빌,37.5905348,126.9082189,2004,5,105,1,0,6757,9,3
672,서울특별시 은평구 신사동 증산로15길 67-7,신성,37.5898081,126.9053444,1988,4,238,1,0,12631,13,3
673,서울특별시 은평구 역촌동 연서로 9,센타폴리스,37.6073386,126.9132972,2004,7,73,2,0,6634,5,4
674,서울특별시 은평구 응암동 응암로 318,응암동금호,37.5991644,126.9221838,1998,3,299,2,5,8979,13,1
675,서울특별시 은평구 진관동 진관1로 21-10,박석고개1단지힐스테이트(116~131동)BL2-1,37.6329789,126.9216933,2009,2,947,1,0,5091,4,3
676,서울특별시 은평구 진관동 진관1로 21-10,박석고개1단지힐스테이트(116~131동)임대BL2-1,37.6329789,126.9216933,2009,2,947,1,0,5091,4,3
677,서울특별시 은평구 진관동 진관2로 57-37,우물골2단지두산위브(223~244동)BL2-7,37.6377117,126.9284865,2010,2,472,2,0,4717,13,4
678,서울특별시 은평구 진관동 진관3로 70,상림마을8단지롯데캐슬(821~830동)BL1-12,37.6418798,126.9222445,2008,3,551,1,0,5326,11,3
679,서울특별시 은평구 진관동 진관3로 77,구파발9단지래미안(916~928동)BL3-2,37.6438547,126.9199724,2010,1,486,2,0,4554,12,4
680,서울특별시 종로구 무악동 통일로 246-20,현대,37.5752001,126.9604154,2000,4,1514,1,8,8106,3,4
681,서울특별시 종로구 사직동 사직로8길 4,광화문스페이스본(101동~105동),37.5743822,126.9688505,2008,4,657,0,0,5286,7,3
682,서울특별시 종로구 수송동 율곡로2길 7,로얄팰리스스위트,37.5749752,126.9812194,2005,4,21,18,2,6484,6,3
683,서울특별시 중구 신당동 다산로 32,남산타운,37.5491389,127.0093824,2002,9,5150,1,4,8239,5,6
684,서울특별시 중구 신당동 청구로1길 23,삼성,37.5581633,127.0179679,1999,6,1434,1,4,8410,5,3
685,서울특별시 중구 충무로4가 퇴계로 235,남산센트럴자이,37.5624966,126.9978276,2009,3,273,2,0,4779,4,4
686,서울특별시 중랑구 면목동 겸재로30길 42,마젤란21,37.5861538,127.0839391,2007,5,199,1,0,5770,6,4
687,서울특별시 중랑구 면목동 답십리로75길 73,경남아너스빌,37.5754008,127.0803553,2006,3,386,1,4,5875,10,4
688,서울특별시 중랑구 면목동 동일로 476,늘푸른동아,37.5728104,127.0807086,2002,2,573,1,3,7335,12,3
689,서울특별시 중랑구 면목동 면목로35길 63,두산4,37.5787766,127.0822667,2000,3,555,1,7,8156,12,4
690,서울특별시 중랑구 면목동 사가정로42길 90,두산4,37.5780324,127.0813464,2000,3,555,1,7,8156,12,4
691,서울특별시 중랑구 면목동 용마산로 278,성원상떼빌,37.5773951,127.0906274,1997,4,168,1,0,9283,8,4
692,서울특별시 중랑구 면목동 용마산로 348,용마금호타운,37.5829069,127.0942808,1992,4,440,1,0,10987,10,6
693,서울특별시 중랑구 면목동 용마산로62길 43,용마동아,37.5787144,127.0947562,1993,4,174,1,0,11262,11,4
694,서울특별시 중랑구 묵동 공릉로2나길 46,신안2,37.6140845,127.0799278,2000,4,171,1,0,8340,8,5
695,서울특별시 중랑구 묵동 공릉로4길 4,문수해오름,37.6129264,127.078166,2004,3,42,1,0,6604,4,4
696,서울특별시 중랑구 묵동 동일로157길 70,현대아이파크,37.6103965,127.073703,2002,4,601,1,4,7497,8,4
697,서울특별시 중랑구 묵동 중랑천로 286,현대아이파크,37.6103965,127.073703,2002,4,601,1,4,7497,8,4
698,서울특별시 중랑구 신내동 신내로 110,동성3,37.6083166,127.096093,1997,5,800,2,2,10014,15,3
699,서울특별시 중랑구 신내동 신내로 112,동성3,37.6083166,127.096093,1997,5,800,2,2,10014,15,3
700,서울특별시 중랑구 신내동 신내로 51,성원,37.6047395,127.094681,1994,7,876,1,0,11109,12,4
701,서울특별시 중랑구 신내동 용마산로125길 50,벽산,37.6031738,127.1000194,2000,2,284,1,0,8248,15,4
